/* ----- ----- ----- ----- ----- ----- ----- ----- ----- ----- ----- ----- ----- ----- ----- ----- ----- -----

-- phpMyAdmin SQL Dump
-- version 4.9.2
-- https://www.phpmyadmin.net/
--
-- Hôte : 127.0.0.1:3306
-- Généré le :  jeu. 25 juin 2020 à 11:55
-- Version du serveur :  8.0.18
-- Version de PHP :  7.4.2

SET SQL_MODE = "NO_AUTO_VALUE_ON_ZERO";
SET AUTOCOMMIT = 0;
START TRANSACTION;
SET time_zone = "+00:00";


/*!40101 SET @OLD_CHARACTER_SET_CLIENT=@@CHARACTER_SET_CLIENT */;
/*!40101 SET @OLD_CHARACTER_SET_RESULTS=@@CHARACTER_SET_RESULTS */;
/*!40101 SET @OLD_COLLATION_CONNECTION=@@COLLATION_CONNECTION */;
/*!40101 SET NAMES utf8mb4 */;

--
-- Base de données :  `solidaritybond`
--

-- --------------------------------------------------------

--
-- Structure de la table `categories`
--

DROP TABLE IF EXISTS `categories`;
CREATE TABLE IF NOT EXISTS `categories` (
  `id` int(11) NOT NULL AUTO_INCREMENT,
  `name` varchar(255) CHARACTER SET utf8mb4 COLLATE utf8mb4_unicode_ci NOT NULL,
  PRIMARY KEY (`id`)
) ENGINE=InnoDB AUTO_INCREMENT=4 DEFAULT CHARSET=utf8mb4 COLLATE=utf8mb4_unicode_ci;

--
-- Déchargement des données de la table `categories`
--

INSERT INTO `categories` (`id`, `name`) VALUES
(1, 'Gel Hydroalcoolique'),
(2, 'Masque de protection'),
(3, 'Visière de protection');

-- --------------------------------------------------------

--
-- Structure de la table `comments`
--

DROP TABLE IF EXISTS `comments`;
CREATE TABLE IF NOT EXISTS `comments` (
  `id` int(11) NOT NULL AUTO_INCREMENT,
  `subject_id` int(11) NOT NULL,
  `user_id` int(11) NOT NULL,
  `content` longtext CHARACTER SET utf8mb4 COLLATE utf8mb4_unicode_ci NOT NULL,
  `created_at` datetime NOT NULL,
  PRIMARY KEY (`id`),
  KEY `IDX_5F9E962A23EDC87` (`subject_id`),
  KEY `IDX_5F9E962AA76ED395` (`user_id`)
) ENGINE=InnoDB AUTO_INCREMENT=35 DEFAULT CHARSET=utf8mb4 COLLATE=utf8mb4_unicode_ci;

--
-- Déchargement des données de la table `comments`
--

INSERT INTO `comments` (`id`, `subject_id`, `user_id`, `content`, `created_at`) VALUES
(1, 16, 2, 'Praesent a pulvinar nisi. In iaculis elit vitae vehicula ullamcorper. Donec ultrices, tortor quis lacinia malesuada, nulla dolor tempor felis, nec tempor odio augue non elit. Nulla magna arcu, tincidunt sed eros in, venenatis vestibulum leo. Donec maximus elit ac elementum tincidunt. Nulla fringilla quis justo non rhoncus. Aliquam erat volutpat. Aenean consequat mi mi, eu tempus urna dapibus sed. Quisque egestas, orci id lacinia finibus, nisi arcu imperdiet justo, sed maximus est arcu id augue. Nullam auctor sagittis elit bibendum efficitur. Integer eget ipsum non turpis dictum tincidunt.', '2020-06-23 16:01:52'),
(2, 16, 3, 'Praesent a pulvinar nisi. In iaculis elit vitae vehicula ullamcorper. Donec ultrices, tortor quis lacinia malesuada, nulla dolor tempor felis, nec tempor odio augue non elit. Nulla magna arcu, tincidunt sed eros in, venenatis vestibulum leo. Donec maximus elit ac elementum tincidunt. Nulla fringilla quis justo non rhoncus. Aliquam erat volutpat. Aenean consequat mi mi, eu tempus urna dapibus sed. Quisque egestas, orci id lacinia finibus, nisi arcu imperdiet justo, sed maximus est arcu id augue. Nullam auctor sagittis elit bibendum efficitur. Integer eget ipsum non turpis dictum tincidunt.', '2020-06-23 16:01:56'),
(3, 16, 2, 'Praesent a pulvinar nisi. In iaculis elit vitae vehicula ullamcorper. Donec ultrices, tortor quis lacinia malesuada, nulla dolor tempor felis, nec tempor odio augue non elit. Nulla magna arcu, tincidunt sed eros in, venenatis vestibulum leo. Donec maximus elit ac elementum tincidunt. Nulla fringilla quis justo non rhoncus. Aliquam erat volutpat. Aenean consequat mi mi, eu tempus urna dapibus sed. Quisque egestas, orci id lacinia finibus, nisi arcu imperdiet justo, sed maximus est arcu id augue. Nullam auctor sagittis elit bibendum efficitur. Integer eget ipsum non turpis dictum tincidunt.', '2020-06-23 16:02:00'),
(4, 16, 1, 'Praesent a pulvinar nisi. In iaculis elit vitae vehicula ullamcorper. Donec ultrices, tortor quis lacinia malesuada, nulla dolor tempor felis, nec tempor odio augue non elit. Nulla magna arcu, tincidunt sed eros in, venenatis vestibulum leo. Donec maximus elit ac elementum tincidunt. Nulla fringilla quis justo non rhoncus. Aliquam erat volutpat. Aenean consequat mi mi, eu tempus urna dapibus sed. Quisque egestas, orci id lacinia finibus, nisi arcu imperdiet justo, sed maximus est arcu id augue. Nullam auctor sagittis elit bibendum efficitur. Integer eget ipsum non turpis dictum tincidunt.', '2020-06-23 16:02:09'),
(5, 16, 4, 'Praesent a pulvinar nisi. In iaculis elit vitae vehicula ullamcorper. Donec ultrices, tortor quis lacinia malesuada, nulla dolor tempor felis, nec tempor odio augue non elit. Nulla magna arcu, tincidunt sed eros in, venenatis vestibulum leo. Donec maximus elit ac elementum tincidunt. Nulla fringilla quis justo non rhoncus. Aliquam erat volutpat. Aenean consequat mi mi, eu tempus urna dapibus sed. Quisque egestas, orci id lacinia finibus, nisi arcu imperdiet justo, sed maximus est arcu id augue. Nullam auctor sagittis elit bibendum efficitur. Integer eget ipsum non turpis dictum tincidunt.', '2020-06-23 16:02:14'),
(6, 16, 3, 'Praesent a pulvinar nisi. In iaculis elit vitae vehicula ullamcorper. Donec ultrices, tortor quis lacinia malesuada, nulla dolor tempor felis, nec tempor odio augue non elit. Nulla magna arcu, tincidunt sed eros in, venenatis vestibulum leo. Donec maximus elit ac elementum tincidunt. Nulla fringilla quis justo non rhoncus. Aliquam erat volutpat. Aenean consequat mi mi, eu tempus urna dapibus sed. Quisque egestas, orci id lacinia finibus, nisi arcu imperdiet justo, sed maximus est arcu id augue. Nullam auctor sagittis elit bibendum efficitur. Integer eget ipsum non turpis dictum tincidunt.', '2020-06-23 16:02:17'),
(7, 16, 5, 'Praesent a pulvinar nisi. In iaculis elit vitae vehicula ullamcorper. Donec ultrices, tortor quis lacinia malesuada, nulla dolor tempor felis, nec tempor odio augue non elit. Nulla magna arcu, tincidunt sed eros in, venenatis vestibulum leo. Donec maximus elit ac elementum tincidunt. Nulla fringilla quis justo non rhoncus. Aliquam erat volutpat. Aenean consequat mi mi, eu tempus urna dapibus sed. Quisque egestas, orci id lacinia finibus, nisi arcu imperdiet justo, sed maximus est arcu id augue. Nullam auctor sagittis elit bibendum efficitur. Integer eget ipsum non turpis dictum tincidunt.', '2020-06-23 16:02:22'),
(8, 16, 4, 'Praesent a pulvinar nisi. In iaculis elit vitae vehicula ullamcorper. Donec ultrices, tortor quis lacinia malesuada, nulla dolor tempor felis, nec tempor odio augue non elit. Nulla magna arcu, tincidunt sed eros in, venenatis vestibulum leo. Donec maximus elit ac elementum tincidunt. Nulla fringilla quis justo non rhoncus. Aliquam erat volutpat. Aenean consequat mi mi, eu tempus urna dapibus sed. Quisque egestas, orci id lacinia finibus, nisi arcu imperdiet justo, sed maximus est arcu id augue. Nullam auctor sagittis elit bibendum efficitur. Integer eget ipsum non turpis dictum tincidunt.', '2020-06-23 16:02:26'),
(9, 16, 2, 'Praesent a pulvinar nisi. In iaculis elit vitae vehicula ullamcorper. Donec ultrices, tortor quis lacinia malesuada, nulla dolor tempor felis, nec tempor odio augue non elit. Nulla magna arcu, tincidunt sed eros in, venenatis vestibulum leo. Donec maximus elit ac elementum tincidunt. Nulla fringilla quis justo non rhoncus. Aliquam erat volutpat. Aenean consequat mi mi, eu tempus urna dapibus sed. Quisque egestas, orci id lacinia finibus, nisi arcu imperdiet justo, sed maximus est arcu id augue. Nullam auctor sagittis elit bibendum efficitur. Integer eget ipsum non turpis dictum tincidunt.', '2020-06-23 16:02:36'),
(10, 15, 2, 'Praesent a pulvinar nisi. In iaculis elit vitae vehicula ullamcorper. Donec ultrices, tortor quis lacinia malesuada, nulla dolor tempor felis, nec tempor odio augue non elit. Nulla magna arcu, tincidunt sed eros in, venenatis vestibulum leo. Donec maximus elit ac elementum tincidunt. Nulla fringilla quis justo non rhoncus. Aliquam erat volutpat. Aenean consequat mi mi, eu tempus urna dapibus sed. Quisque egestas, orci id lacinia finibus, nisi arcu imperdiet justo, sed maximus est arcu id augue. Nullam auctor sagittis elit bibendum efficitur. Integer eget ipsum non turpis dictum tincidunt.', '2020-06-23 16:05:02'),
(11, 15, 2, 'Praesent a pulvinar nisi. In iaculis elit vitae vehicula ullamcorper. Donec ultrices, tortor quis lacinia malesuada, nulla dolor tempor felis, nec tempor odio augue non elit. Nulla magna arcu, tincidunt sed eros in, venenatis vestibulum leo. Donec maximus elit ac elementum tincidunt. Nulla fringilla quis justo non rhoncus. Aliquam erat volutpat. Aenean consequat mi mi, eu tempus urna dapibus sed. Quisque egestas, orci id lacinia finibus, nisi arcu imperdiet justo, sed maximus est arcu id augue. Nullam auctor sagittis elit bibendum efficitur. Integer eget ipsum non turpis dictum tincidunt.', '2020-06-23 16:03:06'),
(12, 13, 3, 'Praesent a pulvinar nisi. In iaculis elit vitae vehicula ullamcorper. Donec ultrices, tortor quis lacinia malesuada, nulla dolor tempor felis, nec tempor odio augue non elit. Nulla magna arcu, tincidunt sed eros in, venenatis vestibulum leo. Donec maximus elit ac elementum tincidunt. Nulla fringilla quis justo non rhoncus. Aliquam erat volutpat. Aenean consequat mi mi, eu tempus urna dapibus sed. Quisque egestas, orci id lacinia finibus, nisi arcu imperdiet justo, sed maximus est arcu id augue. Nullam auctor sagittis elit bibendum efficitur. Integer eget ipsum non turpis dictum tincidunt.', '2020-06-23 16:11:14'),
(13, 13, 4, 'Praesent a pulvinar nisi. In iaculis elit vitae vehicula ullamcorper. Donec ultrices, tortor quis lacinia malesuada, nulla dolor tempor felis, nec tempor odio augue non elit. Nulla magna arcu, tincidunt sed eros in, venenatis vestibulum leo. Donec maximus elit ac elementum tincidunt. Nulla fringilla quis justo non rhoncus. Aliquam erat volutpat. Aenean consequat mi mi, eu tempus urna dapibus sed. Quisque egestas, orci id lacinia finibus, nisi arcu imperdiet justo, sed maximus est arcu id augue. Nullam auctor sagittis elit bibendum efficitur. Integer eget ipsum non turpis dictum tincidunt.', '2020-06-23 16:10:26'),
(14, 14, 2, 'Praesent a pulvinar nisi. In iaculis elit vitae vehicula ullamcorper. Donec ultrices, tortor quis lacinia malesuada, nulla dolor tempor felis, nec tempor odio augue non elit. Nulla magna arcu, tincidunt sed eros in, venenatis vestibulum leo. Donec maximus elit ac elementum tincidunt. Nulla fringilla quis justo non rhoncus. Aliquam erat volutpat. Aenean consequat mi mi, eu tempus urna dapibus sed. Quisque egestas, orci id lacinia finibus, nisi arcu imperdiet justo, sed maximus est arcu id augue. Nullam auctor sagittis elit bibendum efficitur. Integer eget ipsum non turpis dictum tincidunt.', '2020-06-23 16:07:56'),
(15, 11, 2, 'Praesent a pulvinar nisi. In iaculis elit vitae vehicula ullamcorper. Donec ultrices, tortor quis lacinia malesuada, nulla dolor tempor felis, nec tempor odio augue non elit. Nulla magna arcu, tincidunt sed eros in, venenatis vestibulum leo. Donec maximus elit ac elementum tincidunt. Nulla fringilla quis justo non rhoncus. Aliquam erat volutpat. Aenean consequat mi mi, eu tempus urna dapibus sed. Quisque egestas, orci id lacinia finibus, nisi arcu imperdiet justo, sed maximus est arcu id augue. Nullam auctor sagittis elit bibendum efficitur. Integer eget ipsum non turpis dictum tincidunt.', '2020-06-23 16:12:11'),
(16, 11, 1, 'Praesent a pulvinar nisi. In iaculis elit vitae vehicula ullamcorper. Donec ultrices, tortor quis lacinia malesuada, nulla dolor tempor felis, nec tempor odio augue non elit. Nulla magna arcu, tincidunt sed eros in, venenatis vestibulum leo. Donec maximus elit ac elementum tincidunt. Nulla fringilla quis justo non rhoncus. Aliquam erat volutpat. Aenean consequat mi mi, eu tempus urna dapibus sed. Quisque egestas, orci id lacinia finibus, nisi arcu imperdiet justo, sed maximus est arcu id augue. Nullam auctor sagittis elit bibendum efficitur. Integer eget ipsum non turpis dictum tincidunt.', '2020-06-23 16:04:17'),
(17, 5, 5, 'Praesent a pulvinar nisi. In iaculis elit vitae vehicula ullamcorper. Donec ultrices, tortor quis lacinia malesuada, nulla dolor tempor felis, nec tempor odio augue non elit. Nulla magna arcu, tincidunt sed eros in, venenatis vestibulum leo. Donec maximus elit ac elementum tincidunt. Nulla fringilla quis justo non rhoncus. Aliquam erat volutpat. Aenean consequat mi mi, eu tempus urna dapibus sed. Quisque egestas, orci id lacinia finibus, nisi arcu imperdiet justo, sed maximus est arcu id augue. Nullam auctor sagittis elit bibendum efficitur. Integer eget ipsum non turpis dictum tincidunt.', '2020-06-23 16:08:32'),
(18, 5, 3, 'Praesent a pulvinar nisi. In iaculis elit vitae vehicula ullamcorper. Donec ultrices, tortor quis lacinia malesuada, nulla dolor tempor felis, nec tempor odio augue non elit. Nulla magna arcu, tincidunt sed eros in, venenatis vestibulum leo. Donec maximus elit ac elementum tincidunt. Nulla fringilla quis justo non rhoncus. Aliquam erat volutpat. Aenean consequat mi mi, eu tempus urna dapibus sed. Quisque egestas, orci id lacinia finibus, nisi arcu imperdiet justo, sed maximus est arcu id augue. Nullam auctor sagittis elit bibendum efficitur. Integer eget ipsum non turpis dictum tincidunt.', '2020-06-23 16:04:36'),
(19, 9, 1, 'Praesent a pulvinar nisi. In iaculis elit vitae vehicula ullamcorper. Donec ultrices, tortor quis lacinia malesuada, nulla dolor tempor felis, nec tempor odio augue non elit. Nulla magna arcu, tincidunt sed eros in, venenatis vestibulum leo. Donec maximus elit ac elementum tincidunt. Nulla fringilla quis justo non rhoncus. Aliquam erat volutpat. Aenean consequat mi mi, eu tempus urna dapibus sed. Quisque egestas, orci id lacinia finibus, nisi arcu imperdiet justo, sed maximus est arcu id augue. Nullam auctor sagittis elit bibendum efficitur. Integer eget ipsum non turpis dictum tincidunt.', '2020-06-23 16:04:51'),
(20, 10, 5, 'Praesent a pulvinar nisi. In iaculis elit vitae vehicula ullamcorper. Donec ultrices, tortor quis lacinia malesuada, nulla dolor tempor felis, nec tempor odio augue non elit. Nulla magna arcu, tincidunt sed eros in, venenatis vestibulum leo. Donec maximus elit ac elementum tincidunt. Nulla fringilla quis justo non rhoncus. Aliquam erat volutpat. Aenean consequat mi mi, eu tempus urna dapibus sed. Quisque egestas, orci id lacinia finibus, nisi arcu imperdiet justo, sed maximus est arcu id augue. Nullam auctor sagittis elit bibendum efficitur. Integer eget ipsum non turpis dictum tincidunt.', '2020-06-23 16:05:07'),
(21, 9, 5, 'Praesent a pulvinar nisi. In iaculis elit vitae vehicula ullamcorper. Donec ultrices, tortor quis lacinia malesuada, nulla dolor tempor felis, nec tempor odio augue non elit. Nulla magna arcu, tincidunt sed eros in, venenatis vestibulum leo. Donec maximus elit ac elementum tincidunt. Nulla fringilla quis justo non rhoncus. Aliquam erat volutpat. Aenean consequat mi mi, eu tempus urna dapibus sed. Quisque egestas, orci id lacinia finibus, nisi arcu imperdiet justo, sed maximus est arcu id augue. Nullam auctor sagittis elit bibendum efficitur. Integer eget ipsum non turpis dictum tincidunt.', '2020-06-23 16:05:22'),
(22, 8, 5, 'Praesent a pulvinar nisi. In iaculis elit vitae vehicula ullamcorper. Donec ultrices, tortor quis lacinia malesuada, nulla dolor tempor felis, nec tempor odio augue non elit. Nulla magna arcu, tincidunt sed eros in, venenatis vestibulum leo. Donec maximus elit ac elementum tincidunt. Nulla fringilla quis justo non rhoncus. Aliquam erat volutpat. Aenean consequat mi mi, eu tempus urna dapibus sed. Quisque egestas, orci id lacinia finibus, nisi arcu imperdiet justo, sed maximus est arcu id augue. Nullam auctor sagittis elit bibendum efficitur. Integer eget ipsum non turpis dictum tincidunt.', '2020-06-23 16:13:49'),
(23, 8, 5, 'Praesent a pulvinar nisi. In iaculis elit vitae vehicula ullamcorper. Donec ultrices, tortor quis lacinia malesuada, nulla dolor tempor felis, nec tempor odio augue non elit. Nulla magna arcu, tincidunt sed eros in, venenatis vestibulum leo. Donec maximus elit ac elementum tincidunt. Nulla fringilla quis justo non rhoncus. Aliquam erat volutpat. Aenean consequat mi mi, eu tempus urna dapibus sed. Quisque egestas, orci id lacinia finibus, nisi arcu imperdiet justo, sed maximus est arcu id augue. Nullam auctor sagittis elit bibendum efficitur. Integer eget ipsum non turpis dictum tincidunt.', '2020-06-23 16:06:53'),
(24, 8, 5, 'Praesent a pulvinar nisi. In iaculis elit vitae vehicula ullamcorper. Donec ultrices, tortor quis lacinia malesuada, nulla dolor tempor felis, nec tempor odio augue non elit. Nulla magna arcu, tincidunt sed eros in, venenatis vestibulum leo. Donec maximus elit ac elementum tincidunt. Nulla fringilla quis justo non rhoncus. Aliquam erat volutpat. Aenean consequat mi mi, eu tempus urna dapibus sed. Quisque egestas, orci id lacinia finibus, nisi arcu imperdiet justo, sed maximus est arcu id augue. Nullam auctor sagittis elit bibendum efficitur. Integer eget ipsum non turpis dictum tincidunt.', '2020-06-23 16:04:57'),
(25, 4, 5, 'Praesent a pulvinar nisi. In iaculis elit vitae vehicula ullamcorper. Donec ultrices, tortor quis lacinia malesuada, nulla dolor tempor felis, nec tempor odio augue non elit. Nulla magna arcu, tincidunt sed eros in, venenatis vestibulum leo. Donec maximus elit ac elementum tincidunt. Nulla fringilla quis justo non rhoncus. Aliquam erat volutpat. Aenean consequat mi mi, eu tempus urna dapibus sed. Quisque egestas, orci id lacinia finibus, nisi arcu imperdiet justo, sed maximus est arcu id augue. Nullam auctor sagittis elit bibendum efficitur. Integer eget ipsum non turpis dictum tincidunt.', '2020-06-23 16:06:19'),
(26, 1, 5, 'Praesent a pulvinar nisi. In iaculis elit vitae vehicula ullamcorper. Donec ultrices, tortor quis lacinia malesuada, nulla dolor tempor felis, nec tempor odio augue non elit. Nulla magna arcu, tincidunt sed eros in, venenatis vestibulum leo. Donec maximus elit ac elementum tincidunt. Nulla fringilla quis justo non rhoncus. Aliquam erat volutpat. Aenean consequat mi mi, eu tempus urna dapibus sed. Quisque egestas, orci id lacinia finibus, nisi arcu imperdiet justo, sed maximus est arcu id augue. Nullam auctor sagittis elit bibendum efficitur. Integer eget ipsum non turpis dictum tincidunt.', '2020-06-23 16:06:37'),
(27, 1, 3, 'Praesent a pulvinar nisi. In iaculis elit vitae vehicula ullamcorper. Donec ultrices, tortor quis lacinia malesuada, nulla dolor tempor felis, nec tempor odio augue non elit. Nulla magna arcu, tincidunt sed eros in, venenatis vestibulum leo. Donec maximus elit ac elementum tincidunt. Nulla fringilla quis justo non rhoncus. Aliquam erat volutpat. Aenean consequat mi mi, eu tempus urna dapibus sed. Quisque egestas, orci id lacinia finibus, nisi arcu imperdiet justo, sed maximus est arcu id augue. Nullam auctor sagittis elit bibendum efficitur. Integer eget ipsum non turpis dictum tincidunt.', '2020-06-23 16:07:42'),
(28, 1, 4, 'Praesent a pulvinar nisi. In iaculis elit vitae vehicula ullamcorper. Donec ultrices, tortor quis lacinia malesuada, nulla dolor tempor felis, nec tempor odio augue non elit. Nulla magna arcu, tincidunt sed eros in, venenatis vestibulum leo. Donec maximus elit ac elementum tincidunt. Nulla fringilla quis justo non rhoncus. Aliquam erat volutpat. Aenean consequat mi mi, eu tempus urna dapibus sed. Quisque egestas, orci id lacinia finibus, nisi arcu imperdiet justo, sed maximus est arcu id augue. Nullam auctor sagittis elit bibendum efficitur. Integer eget ipsum non turpis dictum tincidunt.', '2020-06-23 16:08:00'),
(29, 1, 2, 'Praesent a pulvinar nisi. In iaculis elit vitae vehicula ullamcorper. Donec ultrices, tortor quis lacinia malesuada, nulla dolor tempor felis, nec tempor odio augue non elit. Nulla magna arcu, tincidunt sed eros in, venenatis vestibulum leo. Donec maximus elit ac elementum tincidunt. Nulla fringilla quis justo non rhoncus. Aliquam erat volutpat. Aenean consequat mi mi, eu tempus urna dapibus sed. Quisque egestas, orci id lacinia finibus, nisi arcu imperdiet justo, sed maximus est arcu id augue. Nullam auctor sagittis elit bibendum efficitur. Integer eget ipsum non turpis dictum tincidunt.', '2020-06-23 16:10:50'),
(30, 3, 4, 'Praesent a pulvinar nisi. In iaculis elit vitae vehicula ullamcorper. Donec ultrices, tortor quis lacinia malesuada, nulla dolor tempor felis, nec tempor odio augue non elit. Nulla magna arcu, tincidunt sed eros in, venenatis vestibulum leo. Donec maximus elit ac elementum tincidunt. Nulla fringilla quis justo non rhoncus. Aliquam erat volutpat. Aenean consequat mi mi, eu tempus urna dapibus sed. Quisque egestas, orci id lacinia finibus, nisi arcu imperdiet justo, sed maximus est arcu id augue. Nullam auctor sagittis elit bibendum efficitur. Integer eget ipsum non turpis dictum tincidunt.', '2020-06-23 16:01:07'),
(31, 3, 2, 'Praesent a pulvinar nisi. In iaculis elit vitae vehicula ullamcorper. Donec ultrices, tortor quis lacinia malesuada, nulla dolor tempor felis, nec tempor odio augue non elit. Nulla magna arcu, tincidunt sed eros in, venenatis vestibulum leo. Donec maximus elit ac elementum tincidunt. Nulla fringilla quis justo non rhoncus. Aliquam erat volutpat. Aenean consequat mi mi, eu tempus urna dapibus sed. Quisque egestas, orci id lacinia finibus, nisi arcu imperdiet justo, sed maximus est arcu id augue. Nullam auctor sagittis elit bibendum efficitur. Integer eget ipsum non turpis dictum tincidunt.', '2020-06-23 16:07:11'),
(32, 10, 3, 'Praesent a pulvinar nisi. In iaculis elit vitae vehicula ullamcorper. Donec ultrices, tortor quis lacinia malesuada, nulla dolor tempor felis, nec tempor odio augue non elit. Nulla magna arcu, tincidunt sed eros in, venenatis vestibulum leo. Donec maximus elit ac elementum tincidunt. Nulla fringilla quis justo non rhoncus. Aliquam erat volutpat. Aenean consequat mi mi, eu tempus urna dapibus sed. Quisque egestas, orci id lacinia finibus, nisi arcu imperdiet justo, sed maximus est arcu id augue. Nullam auctor sagittis elit bibendum efficitur. Integer eget ipsum non turpis dictum tincidunt.', '2020-06-23 16:15:08'),
(33, 10, 4, 'Praesent a pulvinar nisi. In iaculis elit vitae vehicula ullamcorper. Donec ultrices, tortor quis lacinia malesuada, nulla dolor tempor felis, nec tempor odio augue non elit. Nulla magna arcu, tincidunt sed eros in, venenatis vestibulum leo. Donec maximus elit ac elementum tincidunt. Nulla fringilla quis justo non rhoncus. Aliquam erat volutpat. Aenean consequat mi mi, eu tempus urna dapibus sed. Quisque egestas, orci id lacinia finibus, nisi arcu imperdiet justo, sed maximus est arcu id augue. Nullam auctor sagittis elit bibendum efficitur. Integer eget ipsum non turpis dictum tincidunt.', '2020-06-23 16:23:12'),
(34, 10, 2, 'Praesent a pulvinar nisi. In iaculis elit vitae vehicula ullamcorper. Donec ultrices, tortor quis lacinia malesuada, nulla dolor tempor felis, nec tempor odio augue non elit. Nulla magna arcu, tincidunt sed eros in, venenatis vestibulum leo. Donec maximus elit ac elementum tincidunt. Nulla fringilla quis justo non rhoncus. Aliquam erat volutpat. Aenean consequat mi mi, eu tempus urna dapibus sed. Quisque egestas, orci id lacinia finibus, nisi arcu imperdiet justo, sed maximus est arcu id augue. Nullam auctor sagittis elit bibendum efficitur. Integer eget ipsum non turpis dictum tincidunt.', '2020-06-23 16:28:16');

-- --------------------------------------------------------

--
-- Structure de la table `migration_versions`
--

DROP TABLE IF EXISTS `migration_versions`;
CREATE TABLE IF NOT EXISTS `migration_versions` (
  `version` varchar(14) COLLATE utf8mb4_unicode_ci NOT NULL,
  `executed_at` datetime NOT NULL COMMENT '(DC2Type:datetime_immutable)',
  PRIMARY KEY (`version`)
) ENGINE=InnoDB DEFAULT CHARSET=utf8mb4 COLLATE=utf8mb4_unicode_ci;

--
-- Déchargement des données de la table `migration_versions`
--

INSERT INTO `migration_versions` (`version`, `executed_at`) VALUES
('20200625112234', '2020-06-25 11:23:06');

-- --------------------------------------------------------

--
-- Structure de la table `orders`
--

DROP TABLE IF EXISTS `orders`;
CREATE TABLE IF NOT EXISTS `orders` (
  `id` int(11) NOT NULL AUTO_INCREMENT,
  `user_id` int(11) NOT NULL,
  `price` double NOT NULL,
  PRIMARY KEY (`id`),
  KEY `IDX_E52FFDEEA76ED395` (`user_id`)
) ENGINE=InnoDB DEFAULT CHARSET=utf8mb4 COLLATE=utf8mb4_unicode_ci;

-- --------------------------------------------------------

--
-- Structure de la table `products`
--

DROP TABLE IF EXISTS `products`;
CREATE TABLE IF NOT EXISTS `products` (
  `id` int(11) NOT NULL AUTO_INCREMENT,
  `category_id` int(11) NOT NULL,
  `name` varchar(255) COLLATE utf8mb4_unicode_ci NOT NULL,
  `price` double NOT NULL,
  `status` tinyint(1) NOT NULL,
  `image` varchar(255) COLLATE utf8mb4_unicode_ci NOT NULL,
  `description` longtext COLLATE utf8mb4_unicode_ci NOT NULL,
  PRIMARY KEY (`id`),
  KEY `IDX_B3BA5A5A12469DE2` (`category_id`)
) ENGINE=InnoDB AUTO_INCREMENT=4 DEFAULT CHARSET=utf8mb4 COLLATE=utf8mb4_unicode_ci;

--
-- Déchargement des données de la table `products`
--

INSERT INTO `products` (`id`, `category_id`, `name`, `price`, `status`, `image`, `description`) VALUES
(1, 3, 'Visière de protection en plastique PETG', 9, 1, 'visiere-5ef48f39ab175.jpeg', 'Cette production est le fruit d\'une réflexion rigoureuse afin de permettre aux entreprises de relancer leur activité dans de meilleures conditions mais aussi aux indépendants qui ont du mal à se procurer une protection contre le Covid-19. Il est question dans ce produit d\'aider la cause humanitaire, c\'est pourquoi vous pouvez avoir accès à une visière de protection digne de ce nom à un prix faible.'),
(2, 1, 'ProduitTest_1', 25, 1, 'produitTest-5ef4902212572.png', 'Lorem ipsum dolor sit amet, consectetur adipiscing elit. Phasellus vehicula nibh sit amet dolor scelerisque, porttitor tristique nulla auctor. Nulla eu enim quis magna varius vehicula. Donec vestibulum mauris nec rutrum fringilla. Quisque vitae elit et augue tempor pharetra. Etiam elit justo, elementum et lectus vel, tincidunt volutpat lacus. Sed ultricies turpis a arcu bibendum, vel mollis enim porta. Vestibulum nec mollis magna. Nam non sodales leo. Sed placerat orci nec mauris convallis porta. Duis fermentum urna in mauris bibendum lobortis. Vestibulum ac elit sit amet lacus ultricies euismod sed id massa. Ut lacus massa, ornare non consequat eget, aliquam maximus magna. Pellentesque nec nibh malesuada, maximus erat quis, finibus tellus.'),
(3, 2, 'ProduitTest_2', 15, 1, 'produitTest-5ef49053f18ae.png', 'Lorem ipsum dolor sit amet, consectetur adipiscing elit. Phasellus vehicula nibh sit amet dolor scelerisque, porttitor tristique nulla auctor. Nulla eu enim quis magna varius vehicula. Donec vestibulum mauris nec rutrum fringilla. Quisque vitae elit et augue tempor pharetra. Etiam elit justo, elementum et lectus vel, tincidunt volutpat lacus. Sed ultricies turpis a arcu bibendum, vel mollis enim porta. Vestibulum nec mollis magna. Nam non sodales leo. Sed placerat orci nec mauris convallis porta. Duis fermentum urna in mauris bibendum lobortis. Vestibulum ac elit sit amet lacus ultricies euismod sed id massa. Ut lacus massa, ornare non consequat eget, aliquam maximus magna. Pellentesque nec nibh malesuada, maximus erat quis, finibus tellus.');

-- --------------------------------------------------------

--
-- Structure de la table `status`
--

DROP TABLE IF EXISTS `status`;
CREATE TABLE IF NOT EXISTS `status` (
  `id` int(11) NOT NULL AUTO_INCREMENT,
  `name` varchar(255) CHARACTER SET utf8mb4 COLLATE utf8mb4_unicode_ci NOT NULL,
  PRIMARY KEY (`id`)
) ENGINE=InnoDB AUTO_INCREMENT=6 DEFAULT CHARSET=utf8mb4 COLLATE=utf8mb4_unicode_ci;

--
-- Déchargement des données de la table `status`
--

INSERT INTO `status` (`id`, `name`) VALUES
(1, 'Utilisateur'),
(2, 'Partenaire'),
(3, 'Sponsor'),
(4, 'Modérateur'),
(5, 'Administrateur');

-- --------------------------------------------------------

--
-- Structure de la table `subjects`
--

DROP TABLE IF EXISTS `subjects`;
CREATE TABLE IF NOT EXISTS `subjects` (
  `id` int(11) NOT NULL AUTO_INCREMENT,
  `type_id` int(11) NOT NULL,
  `user_id` int(11) NOT NULL,
  `name` varchar(255) CHARACTER SET utf8mb4 COLLATE utf8mb4_unicode_ci NOT NULL,
  `description` longtext CHARACTER SET utf8mb4 COLLATE utf8mb4_unicode_ci NOT NULL,
  `created_at` datetime NOT NULL,
  PRIMARY KEY (`id`),
  KEY `IDX_AB259917C54C8C93` (`type_id`),
  KEY `IDX_AB259917A76ED395` (`user_id`)
) ENGINE=InnoDB AUTO_INCREMENT=17 DEFAULT CHARSET=utf8mb4 COLLATE=utf8mb4_unicode_ci;

--
-- Déchargement des données de la table `subjects`
--

INSERT INTO `subjects` (`id`, `type_id`, `user_id`, `name`, `description`, `created_at`) VALUES
(1, 1, 1, 'Praesent cursus efficitur orci ?', 'Praesent cursus efficitur orci. Morbi nisi elit, lobortis at dictum in, euismod pulvinar felis. Vestibulum at nisl sapien. Etiam nec velit rutrum, blandit libero in, ultricies nisi. Vivamus molestie vulputate quam eu mattis. Donec mattis nulla viverra pulvinar consectetur. Sed lacus enim, sagittis nec aliquam id, scelerisque id lorem.\r\n\r\nAenean et ultrices felis, nec semper odio. Maecenas dignissim, magna quis blandit luctus, nibh odio venenatis enim, id tempor erat nisl sagittis ipsum. Etiam lobortis felis nec arcu ornare, at ornare odio elementum. Praesent ultrices lacinia velit, nec facilisis diam egestas ac. Mauris tortor leo, bibendum sed sapien vel, interdum egestas lectus. Fusce imperdiet blandit enim, vitae congue turpis dapibus finibus. Suspendisse condimentum, tellus ac aliquam sollicitudin, massa magna luctus lectus, vitae blandit ex nulla ac metus. Fusce non diam ultricies, luctus augue sollicitudin, auctor massa. Nullam ut ipsum nunc.\r\n\r\nSed vitae massa dignissim, auctor mauris nec, aliquet justo. Proin ac lacus porta, efficitur velit et, vulputate enim. Etiam eget elementum leo. Morbi quam justo, fermentum dictum bibendum quis, lacinia ut lectus. Etiam nec maximus eros. Aenean dignissim, arcu vehicula fringilla pulvinar, nisl dui luctus nulla, ut posuere velit tortor eget nibh. Praesent egestas interdum ipsum. Aliquam velit sem, lobortis at hendrerit vel, pulvinar vel nunc. Vivamus dictum nisl in purus condimentum venenatis. Vivamus quis nunc sollicitudin, placerat urna eget, convallis mauris. Proin nunc odio, porta non finibus a, vehicula in odio. In ac volutpat risus, sed commodo augue. Donec nec rhoncus ipsum. Donec ac condimentum mi. Aliquam lobortis erat sed sapien auctor tristique. Nam massa turpis, semper quis fringilla quis, posuere nec sapien.\r\n\r\nNam quam tellus, pharetra id tortor sit amet, ultrices consectetur enim. Aliquam cursus, nibh non ultricies ullamcorper, nisl lectus sollicitudin ligula, sit amet condimentum velit ante et sem. Donec ac tempor metus. Integer aliquam eros pulvinar ante ullamcorper, vitae gravida mi vehicula. Suspendisse varius diam ultrices, consequat eros nec, aliquet nulla. Vestibulum nisl nisl, pellentesque non ante sed, varius blandit ligula. Vestibulum ut est ac metus maximus tempor ac ut felis. Etiam nec volutpat urna. Sed tincidunt dolor eros, a aliquam arcu sollicitudin eu. Cras volutpat erat id tincidunt dignissim. In rhoncus dapibus massa vel placerat. Donec ultricies, lorem vel molestie semper, leo dolor fermentum ante, quis scelerisque lorem ante maximus mauris. Praesent dignissim nisi orci, nec tempor nunc porta in. Pellentesque ullamcorper metus eget nisi vestibulum mollis. Vivamus nec magna rutrum, suscipit tellus ut, dignissim nunc.\r\n\r\nIn fringilla nunc ut finibus ornare. Etiam consectetur nibh non elit tincidunt, ut accumsan neque rutrum. Donec velit libero, porta sit amet eleifend quis, tristique nec purus. Curabitur posuere pulvinar est. Vestibulum consequat euismod turpis, nec porta libero porttitor eget. Morbi faucibus nisi et nisi auctor, quis molestie est bibendum. Curabitur fringilla nisi finibus ornare vehicula. Proin congue, eros sit amet dapibus viverra, orci sapien pharetra est, in tristique lectus sem eu eros. Ut mauris felis, ultrices ut mauris sed, ultrices fringilla felis. Praesent blandit porta ipsum a elementum. Curabitur venenatis ex.', '2020-06-23 15:30:00'),
(2, 3, 5, 'Pellentesque habitant morbi tristique senectus et netus', 'Pellentesque habitant morbi tristique senectus et netus et malesuada fames ac turpis egestas. Interdum et malesuada fames ac ante ipsum primis in faucibus. Morbi in leo condimentum erat consectetur porttitor. Sed eget enim feugiat, volutpat velit vitae, pretium lacus. Maecenas tincidunt, dui sit amet faucibus porttitor, ligula augue sodales ex, sed consequat odio urna sed enim. Nulla mi ligula, iaculis non pharetra a, sodales id sem. Donec ut pharetra nisi. Vivamus a accumsan odio. Fusce volutpat ac lorem ac gravida. Cras sit amet dolor ut justo volutpat semper. Suspendisse potenti. Pellentesque massa sapien, molestie non ante at, porta tempor dolor.\r\n\r\nNam accumsan orci eros, nec suscipit nisi tempor eget. Quisque porttitor molestie mauris, ut finibus nunc finibus eu. Etiam risus justo, ornare sit amet iaculis nec, facilisis id justo. Vestibulum eleifend elementum dui vel imperdiet. Phasellus ac metus aliquam magna fringilla gravida. Vestibulum vehicula ante vitae feugiat maximus. Proin nec ex metus. Etiam lobortis massa dui, et porttitor elit consectetur ut. Donec commodo neque non tempor rhoncus. Nulla facilisi. Integer efficitur, ipsum vel sagittis rhoncus, nisi massa aliquam leo, ac pellentesque risus libero eget odio. Phasellus facilisis posuere lorem eu aliquet. Donec auctor elit sed diam elementum, nec tincidunt urna finibus.\r\n\r\nEtiam porta id massa lobortis lacinia. In hac habitasse platea dictumst. Proin pharetra finibus facilisis. Donec sagittis vel lacus vehicula vehicula. Aenean nunc nisi, hendrerit ut nunc id, ultrices tincidunt augue. Maecenas et sem eget sapien iaculis scelerisque lacinia quis massa. Donec maximus dolor mollis purus tempus, in facilisis ipsum fermentum. Ut laoreet mauris a lobortis suscipit. Suspendisse sem dolor, luctus et velit ut, commodo molestie nunc. Nulla nunc libero, imperdiet vel hendrerit vitae, tincidunt ut nibh. Ut convallis lobortis tincidunt. Praesent eu ligula eros. Donec id interdum nisi. Vivamus condimentum, urna ut vestibulum bibendum, justo velit molestie dui, ut congue metus orci id nisi.\r\n\r\nProin dignissim eu urna ultricies condimentum. Morbi ultricies ut purus non laoreet. Mauris imperdiet metus in orci consectetur, non euismod nisl posuere. Duis efficitur ac nisi eu feugiat. Vestibulum erat massa, vestibulum sed aliquet a, rhoncus eget orci. Vestibulum accumsan laoreet purus et dapibus. Suspendisse venenatis ut nisl sed fringilla. Ut eget varius justo. Aliquam ut diam eleifend, laoreet tortor eleifend, varius orci. Sed accumsan risus vel sollicitudin dapibus.\r\n\r\nPellentesque sed suscipit ex. Vestibulum a lobortis nisl, a aliquet ex. Duis nec massa ligula. Class aptent taciti sociosqu ad litora torquent per conubia nostra, per inceptos himenaeos. Donec condimentum ultrices nisi, id dapibus diam lacinia vitae. Fusce dapibus, ante ac dictum pretium, urna dolor porta enim, vel aliquam odio turpis vel massa. Mauris nec facilisis sapien, nec accumsan sapien. Vestibulum ac lorem eget enim semper sodales eu aliquet tellus. Sed eu vulputate nulla. Curabitur sit amet faucibus lacus, mattis euismod lectus. Fusce id congue metus. Phasellus hendrerit neque at nisl varius congue eu nec massa. Donec semper nulla sodales risus pharetra ornare. Aenean ultrices turpis vel dui facilisis euismod.\r\n\r\nDonec eu tincidunt neque, eget ullamcorper felis. Morbi eget odio mi. Sed ullamcorper augue nec nisi dapibus mattis a faucibus lorem. Maecenas ut dignissim magna. Nullam varius aliquam purus dignissim faucibus. Nunc ut lobortis dui, ac imperdiet nisi. Sed scelerisque non urna vitae varius. Etiam volutpat tincidunt risus, at blandit ipsum fermentum vitae. Nulla in erat nisi. Donec sed mi vel ante ornare laoreet in ac sapien. Etiam viverra consectetur enim, nec facilisis diam efficitur eu. Ut consequat consectetur imperdiet. Praesent faucibus nunc sit amet leo semper rutrum.\r\n\r\nMaecenas est tortor, elementum volutpat odio tempor, convallis tempus felis. Duis vitae mi id nisl laoreet malesuada. Nunc vitae consequat ipsum, quis fermentum tellus. Cras tincidunt dui a elit ultricies pulvinar. Etiam elementum magna molestie velit facilisis, nec iaculis nibh iaculis. Proin sit amet orci sem. Lorem ipsum dolor sit amet, consectetur adipiscing elit.\r\n\r\nAenean dictum dignissim massa. Vestibulum euismod congue quam, suscipit suscipit tellus sagittis ut. Integer nec sapien sed velit gravida aliquet id quis nunc. Praesent sit amet lorem laoreet, aliquam dui ut, fermentum tellus. Etiam non quam sit amet lorem efficitur consectetur at id velit. Vivamus tincidunt scelerisque dolor, mattis posuere ante. Nulla pulvinar arcu in est varius, non ornare mauris scelerisque.\r\n\r\nMaecenas consectetur vitae urna sed luctus. Etiam sit amet vehicula diam. Nunc maximus lectus eget arcu eleifend, at finibus felis pretium. Nunc eu suscipit nisl. Suspendisse eleifend ultrices consectetur. Sed et dui porta arcu sodales maximus vel nec lectus. Donec vel erat id ipsum efficitur commodo. Aliquam a sem neque. Aenean quis ante porta, malesuada neque mattis, rutrum ex. Aenean lobortis eros interdum orci porttitor, vitae lobortis erat tincidunt. Quisque consectetur elit eget elit consectetur, sit amet ultricies metus commodo. Mauris a ex ut sapien scelerisque eleifend id eu dolor.\r\n\r\nNullam non massa iaculis, viverra augue eu, venenatis augue. Vestibulum posuere, leo sed gravida porta, lacus diam commodo neque, at rhoncus eros lectus ac ipsum. In vel nulla eu turpis maximus rutrum. Nullam lacinia ornare mollis. In pharetra magna eu ante ultrices, eu vehicula dolor faucibus. Duis commodo aliquet ornare. Suspendisse dictum lorem enim, a porttitor risus facilisis id. Vestibulum posuere metus eu lectus interdum, eget elementum sapien lacinia.\r\n\r\nDonec eget est eu sapien dignissim iaculis ut ac ligula. Cras a luctus velit, id eleifend tellus. Praesent eget est tempus, auctor justo sed, tincidunt est. Suspendisse et dui mi. Donec gravida libero id lacus tempus porttitor. Fusce at ornare nunc. Maecenas sed risus id massa aliquam aliquam. Fusce sit amet purus at lorem interdum hendrerit. Fusce ultrices sapien in velit finibus gravida. Integer ac tellus sit amet dui tristique faucibus nec id justo.\r\n\r\nVivamus fringilla ex id ipsum convallis, vitae interdum massa dapibus. Sed suscipit faucibus enim sit amet cursus. Suspendisse egestas ultricies commodo. Phasellus malesuada mattis massa hendrerit volutpat. Fusce lectus mi, dictum quis turpis nec, sagittis pretium felis. Nam ac dapibus magna, et commodo risus. Aliquam erat volutpat. In pellentesque malesuada pharetra. Sed tempor imperdiet mauris. Phasellus condimentum accumsan tortor, eget volutpat lorem viverra ut. Nam quis facilisis ipsum. Morbi tincidunt tellus eu lobortis congue. Vestibulum ante ipsum primis in faucibus orci luctus et ultrices posuere cubilia curae; Aenean ultricies in nulla ut vulputate.\r\n\r\nUt pellentesque nisi id porttitor mattis. Aliquam commodo ex erat, a tincidunt eros mattis ut. In placerat mauris ex, id aliquet orci commodo eget. Ut sagittis commodo volutpat. Donec vel nunc ipsum. Praesent sit amet nisi tortor. Phasellus et lacus id ipsum iaculis condimentum. Fusce auctor tincidunt ante, eget varius purus pulvinar efficitur. Lorem ipsum dolor sit amet, consectetur adipiscing elit. Donec ac purus quis neque tempor fermentum. Mauris et nisl in felis hendrerit pulvinar. Etiam et arcu dui. Phasellus non dui sodales, facilisis tellus ut, venenatis nisl.\r\n\r\nMaecenas mollis lorem at lobortis lobortis. Sed semper enim a commodo vehicula. In feugiat nunc lectus, hendrerit finibus elit vehicula sit amet. Aliquam erat volutpat. Ut interdum, eros vitae porttitor vulputate, nisl enim dictum odio, vitae convallis arcu mi at turpis. Sed eu volutpat libero. Morbi risus est, interdum nec enim auctor, pretium vulputate ligula. Nunc a urna luctus, consectetur ligula sed, pulvinar mauris. Quisque consectetur metus in nunc rutrum auctor. Vivamus eu vulputate nulla, quis dictum lorem. Phasellus ullamcorper, turpis ut sodales tempor, dui risus consectetur nibh, vel egestas ex massa non tortor. Curabitur sollicitudin nisl a metus euismod, tristique gravida est sagittis. Curabitur mi quam, fringilla vel erat at, finibus vehicula est.\r\n\r\nNullam eget mauris in lectus aliquam eleifend a vitae ligula. Nullam porttitor tristique nisi. Nunc in euismod neque. Duis enim libero, egestas a eleifend sed, hendrerit id lectus. Pellentesque id libero semper, sagittis magna eu, accumsan ligula. Aliquam et tortor sit amet nunc porttitor viverra. In sit amet tellus ex. Maecenas scelerisque porta leo vitae lobortis. Sed non justo convallis, maximus lorem sed, luctus turpis. Nunc ullamcorper finibus dolor quis imperdiet. Fusce in hendrerit dui, in sollicitudin nunc.\r\n\r\nCurabitur nec lectus gravida, maximus ante eu, pharetra arcu. Vestibulum est ante, vulputate at elit vel, hendrerit facilisis sapien. Mauris tellus diam, faucibus ac eros id, condimentum fermentum nisl. Nunc tristique porttitor orci, eget molestie purus aliquam suscipit. In eu leo posuere, porttitor lacus euismod, gravida ex. Donec tempus lacus nisi, non sagittis orci fringilla eu. Duis enim ligula, aliquet eu pulvinar vitae, ultricies eget orci. Nullam feugiat ornare elementum. Curabitur ut nisi ullamcorper, aliquet metus vitae, gravida eros. Suspendisse vitae tellus scelerisque, scelerisque purus sit amet, laoreet enim. Cras et pharetra diam. Duis id efficitur enim. Maecenas pulvinar odio ut lacus porta commodo nec in urna. Suspendisse eget scelerisque sapien.\r\n\r\nDonec non neque turpis. Ut consequat laoreet est, at viverra quam sollicitudin vel. Pellentesque auctor semper imperdiet. Class aptent taciti sociosqu ad litora torquent per conubia nostra, per inceptos himenaeos. In posuere commodo mauris, vitae posuere nunc commodo sit amet. Sed nec turpis dictum, congue lacus eget, vehicula metus. Duis vel facilisis leo.\r\n\r\nMorbi eu tortor sed eros tincidunt viverra. In non pulvinar nibh. Proin auctor pellentesque dictum. Quisque pulvinar congue quam vitae tincidunt. Vivamus placerat in nunc eu faucibus. Phasellus non lectus elit. Orci varius natoque penatibus et magnis dis parturient montes, nascetur ridiculus mus. Donec viverra vel quam id dictum. Praesent nisi arcu, vestibulum ut accumsan sit amet, pellentesque at purus. Donec nec elit iaculis, ullamcorper diam sit amet, convallis quam. Nulla et diam purus. Sed vestibulum orci in risus rhoncus, et vestibulum sem ullamcorper. Ut vitae laoreet erat, ut tempor nisi. Suspendisse nibh ante, condimentum quis lectus quis, tristique placerat elit. Etiam sed magna sollicitudin, mattis dui vel, tempor nisl.\r\n\r\nEtiam at ultricies lectus. Praesent iaculis, nibh sed accumsan vestibulum, purus tellus bibendum risus, at molestie eros nisl sit amet risus. Etiam tempus leo sed dignissim lobortis. Phasellus dignissim varius diam, vel finibus leo. Etiam sem nulla, rutrum ut auctor sed, posuere at felis. Nunc malesuada velit nec massa vehicula sagittis. Nam leo elit, consectetur eu consectetur sit amet, ornare non velit. Fusce mollis mollis quam eu pellentesque. Integer nec orci semper, tristique lectus nec, rutrum magna. Curabitur ac tellus risus. Donec eget rutrum neque. Sed tempus malesuada aliquam. Duis consequat nibh ac mi eleifend vulputate. Nullam nec sodales felis, sit amet auctor purus. Nam mi dolor, ornare vitae viverra in, pellentesque eu sem. Fusce eget bibendum sapien.\r\n\r\nNullam quis euismod purus. Donec sagittis eleifend porttitor. Integer eget orci in purus tincidunt facilisis. Nam ante nulla, dignissim nec odio quis, imperdiet dignissim orci. Aliquam iaculis eros non leo auctor luctus. Etiam vel varius ante, a viverra mi. Integer pellentesque arcu quam, nec malesuada dui fringilla a. Praesent ex ligula, tincidunt consectetur pretium eu, dictum et eros. Donec ultricies nulla et erat sollicitudin placerat. Vestibulum faucibus bibendum sem, eu luctus ex dignissim ac.\r\n\r\nNulla dignissim, enim nec pharetra hendrerit, augue justo sagittis dui, vel aliquam quam lacus sed erat. Etiam vulputate elit massa, et commodo leo rutrum vitae. Fusce aliquet tristique mi eget egestas. Fusce felis tellus, convallis sit amet risus a, efficitur congue enim. Morbi egestas non sem eget laoreet. Sed consectetur sem et odio imperdiet, quis hendrerit dolor tincidunt. Integer imperdiet sagittis ultrices. Nunc orci tortor, sollicitudin quis condimentum ac, venenatis sed nisi. Suspendisse at nulla sed mauris vulputate scelerisque sed in felis. In sed viverra leo.\r\n\r\nInteger quis lacus at nibh vestibulum tincidunt tincidunt nec metus. Quisque in hendrerit velit. Nulla vehicula viverra libero vel fermentum. Integer suscipit sit amet dolor et lobortis. Sed volutpat euismod enim, et pharetra diam venenatis hendrerit. Morbi ullamcorper risus sit amet finibus gravida. Nam porttitor felis porttitor, accumsan felis vel, pretium purus.\r\n\r\nSed cursus sem et felis luctus efficitur vel nec dui. Phasellus vehicula erat nulla, in ullamcorper metus placerat ac. Donec sed dapibus risus, ac sagittis metus. Suspendisse consequat erat sed enim tristique finibus. Suspendisse purus ipsum, luctus ut dapibus sit amet, vehicula a lorem. Donec fringilla nisl sed elit dictum, ac porta nibh tincidunt. Nam justo neque, bibendum nec accumsan eu, ullamcorper quis risus. Suspendisse potenti. Curabitur in dui tortor. Duis non varius tellus. Maecenas posuere enim eu ligula viverra rhoncus. Pellentesque tincidunt interdum ex, et faucibus urna congue vel.\r\n\r\nProin felis mauris, ultrices at tellus in, sagittis vestibulum metus. Donec elementum sapien ac iaculis vulputate. Etiam ornare, sapien ac iaculis sollicitudin, ipsum sem imperdiet purus, porttitor sodales libero lacus ut turpis. Aliquam placerat, ante eget venenatis consequat, augue nibh porttitor lectus, sed rhoncus velit enim non ante. Sed volutpat consequat congue. Fusce blandit hendrerit aliquam. Sed nec urna ac turpis ullamcorper rutrum vel ut nunc. Pellentesque tincidunt ultrices imperdiet. Aenean ex nisl, dictum ac velit et, efficitur blandit nunc. Quisque vel enim hendrerit nunc imperdiet scelerisque vel non est. Aliquam finibus orci eget est lobortis, vitae rhoncus velit egestas. In hac habitasse platea dictumst. Maecenas euismod, nisi ut lobortis finibus, erat sem pellentesque magna, at euismod quam augue vitae eros. Mauris tincidunt pharetra lorem in pharetra. Sed in diam euismod, tincidunt sem consectetur, pellentesque dolor. Nunc in fermentum orci.\r\n\r\nSed vel accumsan odio. Nullam dictum nunc risus, quis sagittis mi tempus id. Sed tristique felis vitae lacus lobortis tempus. Sed vitae libero sed nibh dapibus cursus nec at ipsum. Proin vel lectus nec lacus rhoncus ultricies. In auctor tempus ligula vel sagittis. Donec viverra orci nec felis scelerisque porttitor. Donec vitae varius metus. Phasellus vel quam vitae nisl lacinia laoreet. Vestibulum consectetur at turpis in egestas. Orci varius natoque penatibus et magnis dis parturient montes, nascetur ridiculus mus. Phasellus sit amet augue et lectus consectetur aliquam non quis elit. Quisque lectus nulla, hendrerit sit amet dui ullamcorper, consectetur malesuada eros. Donec quis ligula ligula. Donec et facilisis libero. Proin efficitur vel tortor nec efficitur.\r\n\r\nVivamus viverra tortor ut nunc dignissim, non facilisis enim suscipit. Duis posuere mi leo, sit amet auctor lacus varius sed. Proin vel augue efficitur, aliquam lectus at, consectetur turpis. In scelerisque ante a libero posuere tincidunt. Sed nibh nulla, ultricies in nisl non, facilisis lacinia tortor. Morbi auctor mi sed tincidunt porttitor. Phasellus vel dolor nibh. Integer eu metus consectetur, vulputate sem egestas, cursus mauris. Aliquam non lacus sem. Suspendisse turpis turpis, rhoncus ac quam vitae, mattis semper elit. Phasellus egestas ante purus, at elementum felis venenatis eu. Lorem ipsum dolor sit amet, consectetur adipiscing elit. Sed mattis ullamcorper dictum. Vivamus viverra condimentum massa, lacinia sodales ipsum mollis ut. Cras augue tortor, feugiat et metus non, sollicitudin malesuada orci.\r\n\r\nAliquam sodales sollicitudin sem, at maximus nisl placerat id. Nunc eu sagittis velit. Mauris a accumsan est. Vivamus suscipit purus ante, eu vulputate metus pellentesque a. In et tincidunt enim. Proin sagittis, arcu at hendrerit accumsan, quam mi posuere dui, ut mattis felis magna et nisi. Aliquam est erat, facilisis at vehicula in, malesuada sit amet felis. Maecenas lacinia rhoncus efficitur. Suspendisse auctor velit diam, ac pulvinar risus tristique faucibus. Suspendisse quis condimentum lorem. Morbi rutrum nunc id bibendum scelerisque. Suspendisse posuere fringilla ex a tincidunt. Suspendisse mattis dolor id nisl mollis pulvinar. Sed bibendum erat augue, nec hendrerit massa vulputate a. Nullam hendrerit nunc ac lacus scelerisque, ac pharetra purus sollicitudin.\r\n\r\nVestibulum tempus, neque at rutrum scelerisque, sapien lorem egestas elit, vitae rutrum lacus risus sit amet lorem. Aliquam nibh urna, dignissim nec arcu at, pulvinar pharetra velit. Proin lacinia dapibus faucibus. Fusce nec faucibus turpis. Nam non consequat ex, sit amet condimentum mauris. Nullam scelerisque erat non ante efficitur, eget fringilla velit consectetur. Quisque a euismod eros, at finibus lectus. Sed pulvinar nisl diam, sit amet placerat dolor placerat at.', '2020-06-23 15:44:00'),
(3, 2, 4, 'Maecenas mollis lorem at lobortis lobortis', 'Ut pellentesque nisi id porttitor mattis. Aliquam commodo ex erat, a tincidunt eros mattis ut. In placerat mauris ex, id aliquet orci commodo eget. Ut sagittis commodo volutpat. Donec vel nunc ipsum. Praesent sit amet nisi tortor. Phasellus et lacus id ipsum iaculis condimentum. Fusce auctor tincidunt ante, eget varius purus pulvinar efficitur. Lorem ipsum dolor sit amet, consectetur adipiscing elit. Donec ac purus quis neque tempor fermentum. Mauris et nisl in felis hendrerit pulvinar. Etiam et arcu dui. Phasellus non dui sodales, facilisis tellus ut, venenatis nisl.\r\n\r\nMaecenas mollis lorem at lobortis lobortis. Sed semper enim a commodo vehicula. In feugiat nunc lectus, hendrerit finibus elit vehicula sit amet. Aliquam erat volutpat. Ut interdum, eros vitae porttitor vulputate, nisl enim dictum odio, vitae convallis arcu mi at turpis. Sed eu volutpat libero. Morbi risus est, interdum nec enim auctor, pretium vulputate ligula. Nunc a urna luctus, consectetur ligula sed, pulvinar mauris. Quisque consectetur metus in nunc rutrum auctor. Vivamus eu vulputate nulla, quis dictum lorem. Phasellus ullamcorper, turpis ut sodales tempor, dui risus consectetur nibh, vel egestas ex massa non tortor. Curabitur sollicitudin nisl a metus euismod, tristique gravida est sagittis. Curabitur mi quam, fringilla vel erat at, finibus vehicula est.\r\n\r\nNullam eget mauris in lectus aliquam eleifend a vitae ligula. Nullam porttitor tristique nisi. Nunc in euismod neque. Duis enim libero, egestas a eleifend sed, hendrerit id lectus. Pellentesque id libero semper, sagittis magna eu, accumsan ligula. Aliquam et tortor sit amet nunc porttitor viverra. In sit amet tellus ex. Maecenas scelerisque porta leo vitae lobortis. Sed non justo convallis, maximus lorem sed, luctus turpis. Nunc ullamcorper finibus dolor quis imperdiet. Fusce in hendrerit dui, in sollicitudin nunc.\r\n\r\nCurabitur nec lectus gravida, maximus ante eu, pharetra arcu. Vestibulum est ante, vulputate at elit vel, hendrerit facilisis sapien. Mauris tellus diam, faucibus ac eros id, condimentum fermentum nisl. Nunc tristique porttitor orci, eget molestie purus aliquam suscipit. In eu leo posuere, porttitor lacus euismod, gravida ex. Donec tempus lacus nisi, non sagittis orci fringilla eu. Duis enim ligula, aliquet eu pulvinar vitae, ultricies eget orci. Nullam feugiat ornare elementum. Curabitur ut nisi ullamcorper, aliquet metus vitae, gravida eros. Suspendisse vitae tellus scelerisque, scelerisque purus sit amet, laoreet enim. Cras et pharetra diam. Duis id efficitur enim. Maecenas pulvinar odio ut lacus porta commodo nec in urna. Suspendisse eget scelerisque sapien.\r\n\r\nDonec non neque turpis. Ut consequat laoreet est, at viverra quam sollicitudin vel. Pellentesque auctor semper imperdiet. Class aptent taciti sociosqu ad litora torquent per conubia nostra, per inceptos himenaeos. In posuere commodo mauris, vitae posuere nunc commodo sit amet. Sed nec turpis dictum, congue lacus eget, vehicula metus. Duis vel facilisis leo.\r\n\r\nMorbi eu tortor sed eros tincidunt viverra. In non pulvinar nibh. Proin auctor pellentesque dictum. Quisque pulvinar congue quam vitae tincidunt. Vivamus placerat in nunc eu faucibus. Phasellus non lectus elit. Orci varius natoque penatibus et magnis dis parturient montes, nascetur ridiculus mus. Donec viverra vel quam id dictum. Praesent nisi arcu, vestibulum ut accumsan sit amet, pellentesque at purus. Donec nec elit iaculis, ullamcorper diam sit amet, convallis quam. Nulla et diam purus. Sed vestibulum orci in risus rhoncus, et vestibulum sem ullamcorper. Ut vitae laoreet erat, ut tempor nisi. Suspendisse nibh ante, condimentum quis lectus quis, tristique placerat elit. Etiam sed magna sollicitudin, mattis dui vel, tempor nisl.\r\n\r\nEtiam at ultricies lectus. Praesent iaculis, nibh sed accumsan vestibulum, purus tellus bibendum risus, at molestie eros nisl sit amet risus. Etiam tempus leo sed dignissim lobortis. Phasellus dignissim varius diam, vel finibus leo. Etiam sem nulla, rutrum ut auctor sed, posuere at felis. Nunc malesuada velit nec massa vehicula sagittis. Nam leo elit, consectetur eu consectetur sit amet, ornare non velit. Fusce mollis mollis quam eu pellentesque. Integer nec orci semper, tristique lectus nec, rutrum magna. Curabitur ac tellus risus. Donec eget rutrum neque. Sed tempus malesuada aliquam. Duis consequat nibh ac mi eleifend vulputate. Nullam nec sodales felis, sit amet auctor purus. Nam mi dolor, ornare vitae viverra in, pellentesque eu sem. Fusce eget bibendum sapien.\r\n\r\nNullam quis euismod purus. Donec sagittis eleifend porttitor. Integer eget orci in purus tincidunt facilisis. Nam ante nulla, dignissim nec odio quis, imperdiet dignissim orci. Aliquam iaculis eros non leo auctor luctus. Etiam vel varius ante, a viverra mi. Integer pellentesque arcu quam, nec malesuada dui fringilla a. Praesent ex ligula, tincidunt consectetur pretium eu, dictum et eros. Donec ultricies nulla et erat sollicitudin placerat. Vestibulum faucibus bibendum sem, eu luctus ex dignissim ac.\r\n\r\nNulla dignissim, enim nec pharetra hendrerit, augue justo sagittis dui, vel aliquam quam lacus sed erat. Etiam vulputate elit massa, et commodo leo rutrum vitae. Fusce aliquet tristique mi eget egestas. Fusce felis tellus, convallis sit amet risus a, efficitur congue enim. Morbi egestas non sem eget laoreet. Sed consectetur sem et odio imperdiet, quis hendrerit dolor tincidunt. Integer imperdiet sagittis ultrices. Nunc orci tortor, sollicitudin quis condimentum ac, venenatis sed nisi. Suspendisse at nulla sed mauris vulputate scelerisque sed in felis. In sed viverra leo.', '2020-06-23 15:45:21'),
(4, 1, 2, 'Sed pulvinar nisl diam, sit amet placerat dolor placerat at ?', 'Proin felis mauris, ultrices at tellus in, sagittis vestibulum metus. Donec elementum sapien ac iaculis vulputate. Etiam ornare, sapien ac iaculis sollicitudin, ipsum sem imperdiet purus, porttitor sodales libero lacus ut turpis. Aliquam placerat, ante eget venenatis consequat, augue nibh porttitor lectus, sed rhoncus velit enim non ante. Sed volutpat consequat congue. Fusce blandit hendrerit aliquam. Sed nec urna ac turpis ullamcorper rutrum vel ut nunc. Pellentesque tincidunt ultrices imperdiet. Aenean ex nisl, dictum ac velit et, efficitur blandit nunc. Quisque vel enim hendrerit nunc imperdiet scelerisque vel non est. Aliquam finibus orci eget est lobortis, vitae rhoncus velit egestas. In hac habitasse platea dictumst. Maecenas euismod, nisi ut lobortis finibus, erat sem pellentesque magna, at euismod quam augue vitae eros. Mauris tincidunt pharetra lorem in pharetra. Sed in diam euismod, tincidunt sem consectetur, pellentesque dolor. Nunc in fermentum orci.\r\n\r\nSed vel accumsan odio. Nullam dictum nunc risus, quis sagittis mi tempus id. Sed tristique felis vitae lacus lobortis tempus. Sed vitae libero sed nibh dapibus cursus nec at ipsum. Proin vel lectus nec lacus rhoncus ultricies. In auctor tempus ligula vel sagittis. Donec viverra orci nec felis scelerisque porttitor. Donec vitae varius metus. Phasellus vel quam vitae nisl lacinia laoreet. Vestibulum consectetur at turpis in egestas. Orci varius natoque penatibus et magnis dis parturient montes, nascetur ridiculus mus. Phasellus sit amet augue et lectus consectetur aliquam non quis elit. Quisque lectus nulla, hendrerit sit amet dui ullamcorper, consectetur malesuada eros. Donec quis ligula ligula. Donec et facilisis libero. Proin efficitur vel tortor nec efficitur.\r\n\r\nVivamus viverra tortor ut nunc dignissim, non facilisis enim suscipit. Duis posuere mi leo, sit amet auctor lacus varius sed. Proin vel augue efficitur, aliquam lectus at, consectetur turpis. In scelerisque ante a libero posuere tincidunt. Sed nibh nulla, ultricies in nisl non, facilisis lacinia tortor. Morbi auctor mi sed tincidunt porttitor. Phasellus vel dolor nibh. Integer eu metus consectetur, vulputate sem egestas, cursus mauris. Aliquam non lacus sem. Suspendisse turpis turpis, rhoncus ac quam vitae, mattis semper elit. Phasellus egestas ante purus, at elementum felis venenatis eu. Lorem ipsum dolor sit amet, consectetur adipiscing elit. Sed mattis ullamcorper dictum. Vivamus viverra condimentum massa, lacinia sodales ipsum mollis ut. Cras augue tortor, feugiat et metus non, sollicitudin malesuada orci.\r\n\r\nAliquam sodales sollicitudin sem, at maximus nisl placerat id. Nunc eu sagittis velit. Mauris a accumsan est. Vivamus suscipit purus ante, eu vulputate metus pellentesque a. In et tincidunt enim. Proin sagittis, arcu at hendrerit accumsan, quam mi posuere dui, ut mattis felis magna et nisi. Aliquam est erat, facilisis at vehicula in, malesuada sit amet felis. Maecenas lacinia rhoncus efficitur. Suspendisse auctor velit diam, ac pulvinar risus tristique faucibus. Suspendisse quis condimentum lorem. Morbi rutrum nunc id bibendum scelerisque. Suspendisse posuere fringilla ex a tincidunt. Suspendisse mattis dolor id nisl mollis pulvinar. Sed bibendum erat augue, nec hendrerit massa vulputate a. Nullam hendrerit nunc ac lacus scelerisque, ac pharetra purus sollicitudin.\r\n\r\nVestibulum tempus, neque at rutrum scelerisque, sapien lorem egestas elit, vitae rutrum lacus risus sit amet lorem. Aliquam nibh urna, dignissim nec arcu at, pulvinar pharetra velit. Proin lacinia dapibus faucibus. Fusce nec faucibus turpis. Nam non consequat ex, sit amet condimentum mauris. Nullam scelerisque erat non ante efficitur, eget fringilla velit consectetur. Quisque a euismod eros, at finibus lectus. Sed pulvinar nisl diam, sit amet placerat dolor placerat at.', '2020-06-23 15:46:28'),
(5, 1, 3, 'Quisque sed euismod eros ?', 'Sed vel accumsan odio. Nullam dictum nunc risus, quis sagittis mi tempus id. Sed tristique felis vitae lacus lobortis tempus. Sed vitae libero sed nibh dapibus cursus nec at ipsum. Proin vel lectus nec lacus rhoncus ultricies. In auctor tempus ligula vel sagittis. Donec viverra orci nec felis scelerisque porttitor. Donec vitae varius metus. Phasellus vel quam vitae nisl lacinia laoreet. Vestibulum consectetur at turpis in egestas. Orci varius natoque penatibus et magnis dis parturient montes, nascetur ridiculus mus. Phasellus sit amet augue et lectus consectetur aliquam non quis elit. Quisque lectus nulla, hendrerit sit amet dui ullamcorper, consectetur malesuada eros. Donec quis ligula ligula. Donec et facilisis libero. Proin efficitur vel tortor nec efficitur.\r\n\r\nVivamus viverra tortor ut nunc dignissim, non facilisis enim suscipit. Duis posuere mi leo, sit amet auctor lacus varius sed. Proin vel augue efficitur, aliquam lectus at, consectetur turpis. In scelerisque ante a libero posuere tincidunt. Sed nibh nulla, ultricies in nisl non, facilisis lacinia tortor. Morbi auctor mi sed tincidunt porttitor. Phasellus vel dolor nibh. Integer eu metus consectetur, vulputate sem egestas, cursus mauris. Aliquam non lacus sem. Suspendisse turpis turpis, rhoncus ac quam vitae, mattis semper elit. Phasellus egestas ante purus, at elementum felis venenatis eu. Lorem ipsum dolor sit amet, consectetur adipiscing elit. Sed mattis ullamcorper dictum. Vivamus viverra condimentum massa, lacinia sodales ipsum mollis ut. Cras augue tortor, feugiat et metus non, sollicitudin malesuada orci.\r\n\r\nAliquam sodales sollicitudin sem, at maximus nisl placerat id. Nunc eu sagittis velit. Mauris a accumsan est. Vivamus suscipit purus ante, eu vulputate metus pellentesque a. In et tincidunt enim. Proin sagittis, arcu at hendrerit accumsan, quam mi posuere dui, ut mattis felis magna et nisi. Aliquam est erat, facilisis at vehicula in, malesuada sit amet felis. Maecenas lacinia rhoncus efficitur. Suspendisse auctor velit diam, ac pulvinar risus tristique faucibus. Suspendisse quis condimentum lorem. Morbi rutrum nunc id bibendum scelerisque. Suspendisse posuere fringilla ex a tincidunt. Suspendisse mattis dolor id nisl mollis pulvinar. Sed bibendum erat augue, nec hendrerit massa vulputate a. Nullam hendrerit nunc ac lacus scelerisque, ac pharetra purus sollicitudin.\r\n\r\nVestibulum tempus, neque at rutrum scelerisque, sapien lorem egestas elit, vitae rutrum lacus risus sit amet lorem. Aliquam nibh urna, dignissim nec arcu at, pulvinar pharetra velit. Proin lacinia dapibus faucibus. Fusce nec faucibus turpis. Nam non consequat ex, sit amet condimentum mauris. Nullam scelerisque erat non ante efficitur, eget fringilla velit consectetur. Quisque a euismod eros, at finibus lectus. Sed pulvinar nisl diam, sit amet placerat dolor placerat at.\r\n\r\nVivamus maximus ante purus, eu tempus mi tincidunt ac. Donec quis risus eget erat euismod bibendum. Phasellus malesuada est vitae eros semper commodo. Pellentesque porta venenatis luctus. Nulla venenatis elit sapien, ut eleifend justo blandit lacinia. Nulla at dui accumsan, vestibulum sapien at, mollis ex. Maecenas vitae luctus lectus.\r\n\r\nVestibulum accumsan eu nisl et tristique. Duis sodales pharetra pretium. Class aptent taciti sociosqu ad litora torquent per conubia nostra, per inceptos himenaeos. Pellentesque bibendum neque eu aliquam efficitur. Praesent sem tortor, mollis ut eros id, rhoncus laoreet dui. Quisque tempus nulla eget hendrerit congue. Cras vestibulum enim ut leo volutpat sagittis. Etiam lobortis elementum tellus sit amet rutrum. Ut diam odio, euismod eget arcu mattis, vehicula tempor orci. Quisque sed euismod eros.', '2020-06-23 15:46:51'),
(6, 3, 1, 'In sit amet quam sagittis, scelerisque elit id, elementum risus', 'Curabitur ut mauris massa. Aenean congue pellentesque justo nec vulputate. Aliquam vulputate pellentesque luctus. Duis non erat et enim lacinia ultricies sed at enim. Nunc vulputate eu mauris non porttitor. Aenean velit ligula, tincidunt nec faucibus eu, tincidunt id mauris. Aenean eget aliquet nulla. Ut fermentum urna purus, sit amet dictum mauris fermentum eget. Integer dignissim nibh leo, vitae hendrerit urna imperdiet sed. Sed rhoncus urna vitae tincidunt iaculis. Nulla in ante id odio convallis pharetra.\r\n\r\nEtiam auctor, purus vitae finibus suscipit, massa tortor vestibulum nisi, at dapibus libero augue ut leo. Etiam placerat metus ac mauris consectetur faucibus. In consequat luctus rutrum. Integer non varius enim. Fusce venenatis ultrices sem ac luctus. Etiam varius, justo non ornare efficitur, enim turpis mattis purus, eu auctor quam ipsum quis nunc. Fusce blandit elit quis dui consequat gravida. Vestibulum luctus tempus egestas.\r\n\r\nPraesent congue, nisi cursus convallis vulputate, augue odio tincidunt neque, vel interdum leo lacus sit amet nunc. Cras sit amet aliquam nulla, sed maximus sem. Aliquam ullamcorper, diam a aliquet eleifend, velit leo placerat massa, rhoncus tempus libero augue vel metus. Aenean et orci sit amet massa finibus sagittis a non mi. Integer nec velit quam. Mauris at lobortis enim. Fusce efficitur, metus sit amet ornare elementum, orci felis porta lectus, ac laoreet magna nunc at arcu. Ut id blandit est. Aenean in sagittis dolor. Ut nec ligula erat.\r\n\r\nVestibulum pulvinar quis nibh a dignissim. Maecenas posuere ac nunc et pretium. Vestibulum accumsan justo vitae nisi scelerisque tristique. Aliquam erat volutpat. Praesent vel purus diam. Cras at justo id odio suscipit posuere. Phasellus rutrum dignissim ultrices. Phasellus nec lobortis felis. Pellentesque at diam eget lacus mattis iaculis sed et quam. Praesent vitae dolor iaculis, aliquam arcu quis, viverra enim. Nulla facilisi.\r\n\r\nMaecenas porttitor quam et risus pellentesque auctor. Nam sit amet tortor tristique, sollicitudin lectus at, egestas felis. Maecenas tincidunt fermentum sem, a mollis est placerat sit amet. Nam dapibus ac felis vitae sodales. Nam finibus massa id luctus elementum. Praesent diam erat, tincidunt vitae porta malesuada, dignissim ac nulla. Proin dapibus nibh at ante cursus, sit amet hendrerit metus suscipit. Vestibulum fringilla ipsum et lectus tristique tempus. Aliquam rhoncus mollis sagittis.\r\n\r\nIn sit amet quam sagittis, scelerisque elit id, elementum risus. Donec quis ex eu nisi consequat fermentum. Sed tellus turpis, vulputate vitae euismod ac, aliquam in ipsum. Praesent id turpis sed ex eleifend posuere quis ut odio. In cursus ex vel dui ornare, ac egestas lorem fringilla. Nam fermentum dolor eget convallis mattis. Sed non aliquam lacus. Curabitur sit amet malesuada dolor.\r\n\r\nPhasellus et pellentesque arcu, sed dignissim tellus. Maecenas eget mollis erat, et pharetra eros. Donec euismod massa eget luctus scelerisque. Aenean velit orci, sollicitudin ut ornare a, maximus ut mauris. Mauris a nisl at urna porttitor lobortis eget nec enim. Mauris ut urna tempor, malesuada mi at, pharetra tellus. Donec mollis nulla ligula. Quisque faucibus, enim elementum sollicitudin ornare, leo eros volutpat nulla, consectetur euismod lectus ex eu quam. Nam a finibus est. Suspendisse potenti. Etiam dolor massa, malesuada vitae libero et, gravida sollicitudin diam.\r\n\r\nAliquam feugiat ipsum nisi, quis tempus urna tempus placerat. Fusce tristique ut odio vitae tempus. Nulla vel odio non odio tempor imperdiet vitae non ante. Pellentesque hendrerit nisi id auctor elementum. Nulla urna diam, venenatis sit amet lobortis vel, interdum quis tellus. Nullam ante lorem, lobortis porta purus a, bibendum lacinia metus. Nunc arcu sem, pretium finibus massa pulvinar, congue tempus sapien.\r\n\r\nMorbi vestibulum non magna vitae laoreet. Nullam lectus quam, imperdiet ut efficitur eu, laoreet non enim. Quisque non odio id tellus finibus lobortis. Sed aliquam eleifend ultrices. Curabitur semper justo rhoncus odio elementum, et blandit felis bibendum. Maecenas vel dictum lorem. Vivamus commodo augue lacus, ac pharetra lectus suscipit vitae. Cras hendrerit ligula et quam molestie efficitur.\r\n\r\nDonec finibus dui interdum velit suscipit, vel cursus lacus ultrices. Nullam pharetra, ligula ac commodo posuere, turpis quam dictum lectus, ut auctor lorem nisl sit amet dolor. Mauris ultricies consectetur erat a placerat. Vestibulum finibus efficitur diam, id volutpat odio porttitor sit amet. Interdum et malesuada fames ac ante ipsum primis in faucibus. Etiam ex sem, accumsan eu tortor at, interdum vestibulum nibh. In id justo nulla. Pellentesque elit tortor, congue et condimentum non, vehicula et tellus. Donec tincidunt dignissim facilisis. Maecenas iaculis, nisi quis feugiat congue, risus quam ornare tellus, at lacinia diam ipsum faucibus dui. Sed at sem efficitur, egestas nunc facilisis, interdum sapien.', '2020-06-23 15:47:19'),
(7, 3, 4, 'Nullam interdum mi nec magna tempor, at lacinia odio gravida', 'Nullam id ipsum ut orci condimentum ultricies ut quis lacus. Nam malesuada dui mauris, at cursus nisl mollis et. Morbi efficitur nec mi eget pulvinar. In sed felis in augue pretium dignissim. Phasellus pulvinar euismod orci, eu dignissim mi tristique tincidunt. Nulla efficitur sodales eros sed auctor. Etiam ac neque placerat, efficitur mauris tincidunt, ornare dui. Nunc suscipit in est in convallis. Duis sit amet quam enim.\r\n\r\nDonec scelerisque aliquam libero sed scelerisque. Mauris laoreet tellus ut est viverra tincidunt vel et magna. Donec eu purus at nisi pretium pharetra. Sed vestibulum tellus non fringilla vehicula. Sed a fringilla arcu. Nunc tempus tortor dapibus sem cursus scelerisque. Donec id augue mattis, sagittis ex ut, ornare arcu. Donec tincidunt enim egestas lobortis fermentum. Vivamus vel nunc vitae justo ultrices cursus. Morbi nec tincidunt metus.\r\n\r\nPraesent id libero ligula. Aliquam erat volutpat. Etiam tincidunt massa mauris, eu venenatis orci rutrum nec. Nullam at eleifend mi. Etiam tortor tellus, varius sed ipsum eu, varius laoreet orci. Sed lacinia sollicitudin semper. Aliquam volutpat dui iaculis dolor porttitor, sed rutrum libero commodo. Nunc elementum leo lorem, in pulvinar libero efficitur nec. Nullam interdum mi nec magna tempor, at lacinia odio gravida. Proin pulvinar quam imperdiet est luctus, et faucibus enim aliquet. Sed interdum porta tempus.\r\n\r\nCras ultrices sed diam convallis ultricies. Vestibulum tincidunt tristique volutpat. Nam accumsan volutpat dignissim. Etiam ultrices a elit ut malesuada. Curabitur imperdiet a velit ac volutpat. In hac habitasse platea dictumst. Phasellus blandit felis a ex ornare scelerisque. Fusce feugiat justo sed eleifend semper. Cras vitae sapien quis nisl viverra sodales. Morbi sed tincidunt mi. Phasellus tellus nisi, placerat at congue a, vulputate in turpis. In ultricies varius metus sed sodales. Donec posuere elementum dui id lacinia. Nunc convallis, sem volutpat tincidunt tempus, est eros elementum enim, ullamcorper suscipit leo nisi sit amet ipsum.\r\n\r\nPellentesque ultrices elementum odio in egestas. Aenean metus nulla, luctus id neque non, imperdiet blandit ex. Pellentesque ligula lectus, auctor at aliquet vitae, elementum sed ante. Sed eros enim, condimentum id bibendum at, gravida nec est. Nunc ornare erat eget elit pharetra egestas. Nunc pharetra pellentesque leo vitae pharetra. Ut id semper enim. Maecenas suscipit feugiat ultricies. Nulla eget mollis dui. Donec pellentesque, odio a tempor porttitor, magna odio vestibulum erat, eu lacinia lacus diam et mauris. In ac tristique libero.\r\n\r\nIn a nisl volutpat, aliquam turpis sagittis, iaculis nunc. Proin cursus semper risus. Nullam ut quam et mauris hendrerit feugiat. Aenean quis rutrum nibh. Vivamus nec ex interdum, pellentesque velit volutpat, convallis urna. Morbi placerat gravida ligula vel hendrerit. Proin cursus augue non arcu rhoncus porttitor. Cras eget auctor nulla. Mauris quam elit, rutrum vel metus eu, efficitur efficitur nunc. Nulla mollis pharetra varius. Donec ut erat eget massa tempor consequat.\r\n\r\nSuspendisse auctor odio felis. Cras ornare accumsan arcu, non ornare ligula rhoncus in. Quisque id leo iaculis, lacinia quam vitae, dapibus nisl. Donec sed elementum metus. Sed vitae finibus augue, non lobortis velit. Mauris sodales erat vitae ante bibendum, suscipit dignissim mi mollis. Maecenas a finibus nisl. Orci varius natoque penatibus et magnis dis parturient montes, nascetur ridiculus mus. Nam fringilla purus non metus volutpat, id eleifend sapien cursus. Maecenas laoreet tristique urna, sed pulvinar erat viverra in. In hac habitasse platea dictumst.', '2020-06-23 15:48:43'),
(8, 3, 2, 'Phasellus non neque maximus, interdum neque ut, euismod purus', 'Pellentesque porttitor varius molestie. Sed et rhoncus purus, fermentum pellentesque sapien. Proin dignissim viverra sollicitudin. Sed vel nibh orci. Aliquam erat volutpat. Suspendisse et nisl bibendum, scelerisque mi quis, volutpat ante. Sed rhoncus risus vel nunc eleifend, a ornare orci luctus. Proin at orci risus. In sit amet tortor nisl. In feugiat leo nec leo rutrum, at mattis mauris rhoncus. Quisque vitae arcu vel tellus ullamcorper faucibus. Vestibulum non arcu iaculis, fringilla felis sed, placerat odio. Sed accumsan purus gravida leo viverra consequat. Aliquam suscipit gravida maximus. Pellentesque finibus tristique pretium. Sed ultrices libero id ligula pulvinar, nec pharetra sapien consequat.\r\n\r\nPhasellus maximus ac nibh non volutpat. Duis quam arcu, porta mattis felis consectetur, ultricies pharetra leo. Aliquam maximus feugiat lectus. Donec ut facilisis ex, egestas vehicula orci. Vestibulum in felis et enim vulputate eleifend volutpat lobortis dui. Cras eget lorem nec felis tempor dignissim non sit amet massa. Vestibulum tempus magna dolor, eget scelerisque orci rutrum vel. Suspendisse id convallis eros. Vestibulum dolor leo, porttitor at posuere non, rutrum in tortor. Nullam luctus urna nec orci fermentum ultrices. Proin consectetur viverra tincidunt. Morbi ultrices ante volutpat orci gravida aliquet. Praesent auctor bibendum eros, sed tempus risus sagittis tincidunt. Aenean rhoncus placerat felis id aliquet. Donec eleifend a urna nec iaculis.\r\n\r\nFusce a felis ut elit rutrum laoreet. Vivamus fringilla pretium maximus. Duis id aliquet sem. Proin gravida quam sit amet dignissim aliquam. Phasellus at imperdiet mauris. Pellentesque imperdiet luctus turpis a vulputate. Maecenas commodo mauris pretium, venenatis lorem a, sagittis quam. Aliquam consequat, purus vitae consectetur accumsan, leo enim congue felis, eget blandit massa tellus ut libero. Quisque sollicitudin varius vulputate. Fusce pretium, lorem eu aliquet interdum, turpis lacus finibus turpis, sit amet eleifend quam augue a nunc. Nunc malesuada eros vitae quam pulvinar, eget maximus augue efficitur.\r\n\r\nAenean a libero vitae justo aliquam convallis vel a purus. Donec quam ex, ultrices vel dignissim at, euismod vitae tortor. Etiam tempor mollis pulvinar. Vestibulum convallis sodales velit, eget commodo orci auctor sit amet. Aenean placerat justo nec commodo ultricies. Ut pulvinar enim nisi. In purus ligula, faucibus ac nisl sed, sollicitudin scelerisque orci. Cras blandit tortor interdum malesuada cursus. Aenean in magna ut diam tincidunt porta vel at augue. Duis congue urna sed risus lacinia, in tempor odio lacinia.\r\n\r\nSed mollis sed leo vitae venenatis. Etiam eget rhoncus odio, in rhoncus quam. Donec nec euismod augue, ac lacinia magna. Morbi nisi lacus, congue at bibendum eu, pharetra eu nisi. Phasellus non neque maximus, interdum neque ut, euismod purus. Vestibulum ornare purus turpis, at pretium est consectetur et. In tincidunt euismod hendrerit.', '2020-06-23 15:49:40'),
(9, 1, 3, 'Nam purus massa, semper vitae ligula ac, commodo porttitor nibh ?', 'Pellentesque dapibus tellus id pharetra mattis. Morbi eu hendrerit leo. Pellentesque eleifend ultrices velit, sit amet laoreet nulla ullamcorper at. Suspendisse nec enim non leo congue vehicula. Ut id maximus tellus. Duis iaculis tincidunt purus ut hendrerit. Nulla molestie elit eu arcu interdum vehicula quis eget nisi. Duis lacinia at quam id porttitor. In commodo turpis leo, at porta est posuere vehicula. Praesent facilisis tristique vulputate.\r\n\r\nInteger nec magna vitae tortor pretium blandit. Proin et efficitur odio. Aliquam porttitor odio velit, at dignissim turpis consectetur a. Etiam laoreet lorem sed lectus scelerisque, ac ullamcorper neque convallis. Ut consequat ornare purus, ac imperdiet ex porttitor nec. Sed vitae urna et sem elementum interdum. Etiam sed accumsan odio, id blandit nisi. Nullam facilisis urna augue. Maecenas venenatis pretium sem, pharetra suscipit sapien venenatis vitae.\r\n\r\nDonec aliquam leo non tortor ultricies, nec consequat nibh pulvinar. Vestibulum sed pellentesque nunc. Nullam elementum eget lacus sed consequat. Vestibulum dapibus dictum erat vitae rutrum. Sed facilisis lobortis turpis, quis tempus turpis elementum non. Phasellus leo eros, euismod eget venenatis vitae, vestibulum sed metus. Cras aliquam dolor nibh. Phasellus at sapien magna. Donec sit amet finibus turpis. Aliquam pulvinar blandit lacus et rutrum.\r\n\r\nNam purus massa, semper vitae ligula ac, commodo porttitor nibh. Sed tincidunt gravida lacus, bibendum mattis mi eleifend ac. Sed ullamcorper nunc ligula, sit amet tempus tortor hendrerit et. Vestibulum condimentum porttitor ultrices. Pellentesque porta felis non nisl tincidunt, in ultricies ipsum tempor. Proin consectetur eu sapien a tristique. Mauris fermentum dui ut massa accumsan, consequat gravida mauris tincidunt. Pellentesque viverra ex a lacus condimentum hendrerit. Sed cursus neque in est luctus rutrum. Pellentesque quis volutpat eros. Integer faucibus risus in dolor maximus, porta bibendum nibh tristique. Curabitur malesuada ultrices sem, id cursus odio tincidunt ac. Nunc turpis augue, volutpat vitae erat quis, convallis ultrices purus. Quisque eget facilisis mi, vitae molestie lectus. Sed semper libero eu metus aliquet, ac auctor elit dapibus.', '2020-06-23 15:50:33');
INSERT INTO `subjects` (`id`, `type_id`, `user_id`, `name`, `description`, `created_at`) VALUES
(10, 4, 1, 'Morbi dolor erat, rutrum vitae tristique vel', 'Sed rhoncus nulla ac varius consectetur. Nunc eu risus non ligula molestie porta a vitae nulla. Aenean id dapibus mi. Etiam sit amet est pellentesque, lacinia enim in, sagittis orci. Proin faucibus nisl id dolor vulputate, sit amet viverra massa egestas. Morbi dolor erat, rutrum vitae tristique vel, scelerisque interdum justo. Phasellus efficitur pulvinar erat et dignissim. Lorem ipsum dolor sit amet, consectetur adipiscing elit. Donec pulvinar, mi finibus tincidunt blandit, augue augue hendrerit dolor, nec mollis nisi enim sed metus. Nullam rutrum facilisis tempus.\r\n\r\nNam maximus erat in est ultrices tincidunt. Vivamus erat magna, volutpat eu augue eleifend, gravida bibendum diam. Quisque quis nulla vitae ante euismod suscipit id in mauris. Nullam tempor dolor posuere nisi placerat semper. Proin et risus sed nibh sodales pharetra id efficitur quam. Donec sit amet est sit amet dolor porta pharetra. Aenean lectus mauris, blandit nec tortor ac, consectetur tincidunt nunc. Phasellus ac nisl ac diam porttitor ultricies non id felis. Pellentesque habitant morbi tristique senectus et netus et malesuada fames ac turpis egestas. Cras non eros in dui ultrices aliquet quis et ipsum. Curabitur sed ullamcorper est, eu condimentum justo. Vestibulum tristique risus dolor, vitae porttitor diam elementum quis. In vitae libero vel leo pulvinar tristique a quis orci. Phasellus hendrerit odio in nibh aliquam, at imperdiet mauris commodo. Class aptent taciti sociosqu ad litora torquent per conubia nostra, per inceptos himenaeos.', '2020-06-23 15:50:52'),
(11, 3, 4, 'Integer ultrices, ligula sit amet finibus lobortis', 'Morbi porttitor erat id eros convallis, id viverra nisl gravida. Maecenas consectetur mauris id tempor interdum. In a nisi nec ipsum gravida porttitor at in diam. Suspendisse potenti. Fusce lobortis a metus rutrum pulvinar. Proin ornare, augue quis placerat suscipit, mauris justo dapibus nisi, id tempor tortor libero tempor diam. Nunc faucibus tellus nibh, vitae pharetra metus lobortis eu. Integer iaculis sit amet libero sed ultrices. Donec in consectetur urna. Integer ultrices, ligula sit amet finibus lobortis, neque odio suscipit mauris, in tempus diam velit ut orci. Donec ut lorem sit amet nulla ullamcorper viverra. Mauris et dictum ipsum. Quisque egestas, sem eget volutpat porttitor, eros justo lobortis mauris, molestie ullamcorper mauris odio rhoncus nunc. Aliquam sit amet urna rutrum, ornare neque quis, dignissim felis. Aenean justo nisl, dapibus pellentesque leo quis, sodales malesuada ex.\r\n\r\nDonec velit enim, dapibus ut vehicula at, blandit id odio. Vestibulum ante ipsum primis in faucibus orci luctus et ultrices posuere cubilia curae; Cras eget pulvinar leo. Phasellus lectus mauris, fringilla a elementum quis, consequat pharetra risus. Donec laoreet massa vel justo vulputate lacinia. Fusce sit amet ante eu est varius imperdiet at in mi. Nunc id nisl in ipsum elementum cursus et facilisis tortor. Donec bibendum tempor lacus finibus ultricies. Duis non porta leo. Vivamus lacinia, ex vel porta mattis, nunc lectus elementum leo, non ultricies arcu libero quis dolor. Ut euismod elit nec elit lobortis cursus. Donec pulvinar porttitor porta. Integer pellentesque tortor a sem ultricies condimentum. Suspendisse potenti. In lacinia velit sit amet orci rhoncus scelerisque.\r\n\r\nIn ante leo, aliquet rhoncus euismod et, venenatis sit amet ipsum. Pellentesque ultricies convallis purus sit amet tempor. Etiam hendrerit pulvinar sem, vel efficitur purus posuere at. Interdum et malesuada fames ac ante ipsum primis in faucibus. Suspendisse tincidunt cursus nunc, sed luctus odio pulvinar non. Aenean ante velit, dignissim sit amet diam nec, mollis luctus augue. Vivamus laoreet vitae ante id vehicula. Quisque mattis justo sed metus cursus tempus.', '2020-06-23 15:51:45'),
(12, 1, 1, 'Suspendisse ac diam orci tristique sit amet ?', 'Class aptent taciti sociosqu ad litora torquent per conubia nostra, per inceptos himenaeos. Donec vitae ipsum ac nisl pretium aliquam. Ut auctor lobortis dapibus. Integer tincidunt lacus massa, vitae tristique neque tempor a. Mauris porttitor pulvinar felis, eget commodo velit efficitur vel. Nunc semper enim eget ornare lacinia. Orci varius natoque penatibus et magnis dis parturient montes, nascetur ridiculus mus. Donec velit nunc, tincidunt ut bibendum eu, semper ac felis. Aenean sit amet arcu fringilla, luctus lectus ac, semper arcu. Vestibulum vestibulum vulputate ultricies. Integer nisl enim, dictum nec tempor non, lacinia vestibulum metus. Aenean eu vulputate nulla, at ultrices felis. Morbi elementum tempus eros at commodo. Maecenas imperdiet scelerisque commodo.\r\n\r\nEtiam iaculis ligula molestie elit facilisis, quis rhoncus sem tincidunt. Curabitur dignissim quis nulla id commodo. Donec interdum, ex vel cursus dignissim, nisi enim tempor tortor, vitae feugiat orci nunc sed quam. Cras at malesuada arcu. Curabitur dui neque, ornare vel turpis ac, consectetur porta diam. Ut mollis a ligula at aliquam. In vitae efficitur elit, vel sodales turpis. Maecenas et lobortis sem, et ornare neque. Nullam ac dolor sit amet diam sollicitudin tincidunt. Proin neque massa, dapibus eu tristique sit amet, rutrum sit amet velit. Suspendisse ac diam orci. Integer vehicula vestibulum turpis in pellentesque. Orci varius natoque penatibus et magnis dis parturient montes, nascetur ridiculus mus. Maecenas nec feugiat odio.', '2020-06-23 15:52:39'),
(13, 1, 3, 'Vestibulum fringilla leo a felis volutpat ?', 'Vestibulum fringilla leo a felis volutpat, quis pretium odio semper. Vestibulum ante ipsum primis in faucibus orci luctus et ultrices posuere cubilia curae; Etiam magna libero, viverra feugiat ante nec, posuere tempus tortor. Cras dictum convallis pellentesque. Nulla condimentum eu tellus et iaculis. Vestibulum gravida ex a tortor mattis, iaculis euismod nisi eleifend. Curabitur viverra at ex mollis posuere. Lorem ipsum dolor sit amet, consectetur adipiscing elit. Ut dignissim ante et sapien varius gravida. Curabitur blandit felis nunc, ut varius nulla tincidunt vitae. Aenean blandit tellus eu ligula semper rhoncus. Sed ut eros hendrerit, pulvinar arcu a, tincidunt ex. Sed sed nisi tortor.\r\n\r\nMorbi auctor diam a lectus aliquet scelerisque. Sed in erat id magna ornare feugiat sed at velit. Sed et est turpis. Donec luctus nulla eget lorem maximus condimentum. Etiam varius est vitae ante luctus iaculis. Aenean arcu quam, finibus at dolor eget, mattis vestibulum velit. Fusce mauris lorem, scelerisque a luctus et, vestibulum ultrices velit.', '2020-06-23 15:52:55'),
(14, 1, 2, 'Quisque egestas, orci id lacinia finibus ?', 'Nunc bibendum varius justo, ac suscipit augue condimentum at. Mauris porttitor consequat nibh, sed pellentesque sem blandit eget. Ut et justo blandit, suscipit libero sed, sagittis massa. Nam sem sem, varius ut tempus in, dictum sit amet nisi. Suspendisse at diam et leo venenatis varius. Pellentesque rhoncus massa ultricies tristique dictum. Nam efficitur dictum dui ac sodales. Nulla vel interdum arcu. Vestibulum facilisis nisl at lectus ultricies pulvinar. Mauris vel eleifend velit, ac pretium metus. Maecenas at massa vel magna rutrum ultrices vel porta urna. Nunc volutpat laoreet dui. Etiam eget pellentesque est.\r\n\r\nPraesent a pulvinar nisi. In iaculis elit vitae vehicula ullamcorper. Donec ultrices, tortor quis lacinia malesuada, nulla dolor tempor felis, nec tempor odio augue non elit. Nulla magna arcu, tincidunt sed eros in, venenatis vestibulum leo. Donec maximus elit ac elementum tincidunt. Nulla fringilla quis justo non rhoncus. Aliquam erat volutpat. Aenean consequat mi mi, eu tempus urna dapibus sed. Quisque egestas, orci id lacinia finibus, nisi arcu imperdiet justo, sed maximus est arcu id augue. Nullam auctor sagittis elit bibendum efficitur. Integer eget ipsum non turpis dictum tincidunt.', '2020-06-23 15:53:10'),
(15, 2, 5, 'Sollicitudin ornare lectus fusce feugiat', 'Nulla mi sapien, dictum et tortor eu, fringilla sodales quam. Nulla pharetra massa eu mollis bibendum. Phasellus sodales consequat arcu, nec vulputate ex aliquet nec. Morbi vitae odio ac felis sagittis eleifend. Praesent vel eleifend est. Maecenas varius nulla sed ante blandit, in consequat ex pulvinar. Praesent mollis aliquam libero, eget elementum lorem hendrerit id. Praesent euismod eget mi ac interdum. Donec sodales ut massa eget fermentum. Duis venenatis, mi sed sollicitudin rutrum, metus tellus ullamcorper arcu, quis finibus magna neque vitae ex. Sed mattis urna ex, eu condimentum neque eleifend a. Phasellus sit amet accumsan augue.\r\n\r\nVivamus turpis diam, placerat accumsan egestas eu, aliquet id massa. Proin facilisis ligula ligula, quis semper nunc tincidunt et. Aenean laoreet, ex in fringilla gravida, erat massa maximus nisi, sit amet maximus arcu orci gravida neque. Sed risus nunc, rhoncus in urna ut, pellentesque finibus ante. Fusce nulla libero, auctor ut suscipit bibendum, efficitur ac urna. Aenean consequat felis nec lacus hendrerit luctus. Donec eu tincidunt odio, et sodales urna. Sed vel turpis et sem dignissim cursus sed ut turpis. Nullam ullamcorper tempor ante, nec vulputate quam gravida vitae. Integer fermentum eu nisl at laoreet. Maecenas hendrerit at ante eu tincidunt. Ut ultrices nulla vel mi scelerisque commodo. Fusce eget urna et quam iaculis efficitur nec et dui. Mauris nisl tortor, ullamcorper quis eros a, sollicitudin ornare lectus. Fusce feugiat fringilla ligula, vel pharetra tortor pharetra sed.', '2020-06-23 15:55:20'),
(16, 1, 2, 'Sed nibh dolor, vestibulum nec nisl sed ?', 'Mauris mattis nunc ut metus aliquet porta. Integer vehicula eleifend lectus, eget tristique magna sodales eu. Praesent laoreet, sem ac placerat consequat, eros mi interdum nunc, ultrices tincidunt augue lorem eget elit. Maecenas pulvinar convallis eros eu dapibus. Vestibulum et dolor ultrices, euismod purus et, consectetur dolor. Maecenas vitae diam efficitur, egestas ante vitae, feugiat nunc. Cras ornare placerat fermentum. Mauris at leo tristique, porttitor dolor a, condimentum dolor. Nam nec sapien sit amet quam dictum vestibulum.\r\n\r\nProin mattis in nulla vel viverra. Maecenas libero sem, ultrices quis quam quis, rutrum ultrices dui. Maecenas vulputate elit sed urna sagittis dapibus eu non dolor. Nulla tincidunt metus sed consequat fringilla. Aliquam cursus magna lectus, vel malesuada leo condimentum non. Aenean a enim eu nulla hendrerit feugiat. Sed nibh dolor, vestibulum nec nisl sed, posuere dapibus ipsum. Integer a turpis nec neque aliquet sodales. Pellentesque malesuada condimentum elementum.', '2020-06-23 15:59:04');

-- --------------------------------------------------------

--
-- Structure de la table `types`
--

DROP TABLE IF EXISTS `types`;
CREATE TABLE IF NOT EXISTS `types` (
  `id` int(11) NOT NULL AUTO_INCREMENT,
  `name` varchar(255) CHARACTER SET utf8mb4 COLLATE utf8mb4_unicode_ci NOT NULL,
  PRIMARY KEY (`id`)
) ENGINE=InnoDB AUTO_INCREMENT=5 DEFAULT CHARSET=utf8mb4 COLLATE=utf8mb4_unicode_ci;

--
-- Déchargement des données de la table `types`
--

INSERT INTO `types` (`id`, `name`) VALUES
(1, 'Question'),
(2, 'Conseil'),
(3, 'Information'),
(4, 'Débat');

-- --------------------------------------------------------

--
-- Structure de la table `users`
--

DROP TABLE IF EXISTS `users`;
CREATE TABLE IF NOT EXISTS `users` (
  `id` int(11) NOT NULL AUTO_INCREMENT,
  `status_id` int(11) NOT NULL,
  `first_name` varchar(32) CHARACTER SET utf8mb4 COLLATE utf8mb4_unicode_ci NOT NULL,
  `last_name` varchar(64) CHARACTER SET utf8mb4 COLLATE utf8mb4_unicode_ci NOT NULL,
  `email` varchar(128) CHARACTER SET utf8mb4 COLLATE utf8mb4_unicode_ci NOT NULL,
  `password` varchar(64) CHARACTER SET utf8mb4 COLLATE utf8mb4_unicode_ci NOT NULL,
  `address` varchar(128) CHARACTER SET utf8mb4 COLLATE utf8mb4_unicode_ci DEFAULT NULL,
  `phone` varchar(10) CHARACTER SET utf8mb4 COLLATE utf8mb4_unicode_ci DEFAULT NULL,
  PRIMARY KEY (`id`),
  KEY `IDX_1483A5E96BF700BD` (`status_id`)
) ENGINE=InnoDB AUTO_INCREMENT=6 DEFAULT CHARSET=utf8mb4 COLLATE=utf8mb4_unicode_ci;

--
-- Déchargement des données de la table `users`
--

INSERT INTO `users` (`id`, `status_id`, `first_name`, `last_name`, `email`, `password`, `address`, `phone`) VALUES
(1, 1, 'Jérémy', 'GALLET', 'jgallet@cesi.fr', '$2y$13$UXT4QfUZW.umfA5PXM6yoOFw8ZBOqgP8OUCjva2JoAJlRuRDShXlm', NULL, NULL),
(2, 2, 'Bastien', 'GUILLEMINOT', 'bastien.guilleminot@viacesi.fr', '$2y$13$d/Nf9rIlgSxoPhFQVbm1ROplaLq8UvamGvc3.qa5Uyp/sRmEhZfJO', NULL, NULL),
(3, 3, 'Kilian', 'BRETON', 'kilian.breton@viacesi.fr', '$2y$13$04b35NmX6UaSZWNE93FIZuL43RqdOXV3TGVogvOhb4D1BmvXdvwmO', NULL, NULL),
(4, 4, 'Olivier', 'SIMONNEAU', 'olivier.siminneau@viacesi.fr', '$2y$13$zCX4XtNkKNl0Td5/gYo72Oh1jJcvGcxVpmBNE6GHjYfVogW5CkP.S', NULL, NULL),
(5, 5, 'Enzo', 'LEBRUN', 'enzo.lebrun@viacesi.fr', '$2y$13$Z6.788exvSasaf897emuge19q6V9iSJluZUJ8nSMsmVjVqHSVOAUG', NULL, NULL);

--
-- Contraintes pour les tables déchargées
--

--
-- Contraintes pour la table `comments`
--
ALTER TABLE `comments`
  ADD CONSTRAINT `FK_5F9E962A23EDC87` FOREIGN KEY (`subject_id`) REFERENCES `subjects` (`id`),
  ADD CONSTRAINT `FK_5F9E962AA76ED395` FOREIGN KEY (`user_id`) REFERENCES `users` (`id`);

--
-- Contraintes pour la table `orders`
--
ALTER TABLE `orders`
  ADD CONSTRAINT `FK_E52FFDEEA76ED395` FOREIGN KEY (`user_id`) REFERENCES `users` (`id`);

--
-- Contraintes pour la table `products`
--
ALTER TABLE `products`
  ADD CONSTRAINT `FK_B3BA5A5A12469DE2` FOREIGN KEY (`category_id`) REFERENCES `categories` (`id`);

--
-- Contraintes pour la table `subjects`
--
ALTER TABLE `subjects`
  ADD CONSTRAINT `FK_AB259917A76ED395` FOREIGN KEY (`user_id`) REFERENCES `users` (`id`),
  ADD CONSTRAINT `FK_AB259917C54C8C93` FOREIGN KEY (`type_id`) REFERENCES `types` (`id`);

--
-- Contraintes pour la table `users`
--
ALTER TABLE `users`
  ADD CONSTRAINT `FK_1483A5E96BF700BD` FOREIGN KEY (`status_id`) REFERENCES `status` (`id`);
COMMIT;

/*!40101 SET CHARACTER_SET_CLIENT=@OLD_CHARACTER_SET_CLIENT */;
/*!40101 SET CHARACTER_SET_RESULTS=@OLD_CHARACTER_SET_RESULTS */;
/*!40101 SET COLLATION_CONNECTION=@OLD_COLLATION_CONNECTION */;


----- ----- ----- ----- ----- ----- ----- ----- ----- ----- ----- ----- ----- ----- ----- ----- ----- ----- */